timestamp,pool_hashrate,network_hashrate,blocks_found
2025-05-17 08:11:22,508979,4990501291,2
2025-05-17 08:11:43,499107,5004927534,2
2025-05-17 08:11:54,490551,5004927534,2
2025-05-17 08:12:05,117245,5004927534,2
2025-05-17 08:12:16,114346,5004927534,2
2025-05-17 08:12:27,120350,5003136504,2
2025-05-17 08:12:37,120350,5003136504,2
2025-05-17 08:12:48,108327,5003136504,2
2025-05-17 08:12:59,110889,5003136504,2
2025-05-17 08:13:10,110889,5003136504,2
2025-05-17 08:13:21,106881,5003136504,2
2025-05-17 08:13:32,102623,5003136504,2
2025-05-17 08:13:43,103885,5003136504,2
2025-05-17 08:13:54,102874,5003136504,2
2025-05-17 08:14:05,107646,5003136504,2
2025-05-17 08:14:16,107646,5003136504,2
2025-05-17 08:14:27,106446,5003136504,2
2025-05-17 08:14:38,101823,5003136504,2
2025-05-17 08:14:49,102069,5003136504,2
2025-05-17 08:15:00,98261,5028125900,2
2025-05-17 08:15:11,104569,5028125900,2
2025-05-17 08:15:22,104161,5012826134,2
2025-05-17 08:15:33,106737,5012826134,2
2025-05-17 08:15:44,108413,5012826134,2
2025-05-17 08:15:55,105594,5032890093,2
2025-05-17 08:16:06,103244,5032890093,2
2025-05-17 08:16:16,103244,5032890093,2
2025-05-17 08:16:27,100975,5032890093,2
2025-05-17 08:16:38,2368994,5032890093,2
2025-05-17 08:16:49,3833041,5032890093,2
2025-05-17 08:17:00,5764860,5016272109,2
2025-05-17 08:17:11,8584197,5016272109,2
2025-05-17 08:17:22,10657667,5016272109,2
2025-05-17 08:17:33,12590175,5016272109,2
2025-05-17 08:17:44,14228222,5016272109,2
2025-05-17 08:17:55,15866869,5016272109,2
2025-05-17 08:18:06,17222357,5016272109,2
2025-05-17 08:18:17,18384393,5016272109,2
2025-05-17 08:18:28,19440846,5016272109,2
2025-05-17 08:18:39,20415456,5016272109,2
2025-05-17 08:18:50,21284947,5016272109,2
2025-05-17 08:19:01,22082913,5016272109,2
2025-05-17 08:19:12,22773780,5009420351,2
2025-05-17 08:19:23,23437183,5009420351,2
2025-05-17 08:19:34,24015376,5009420351,2
2025-05-17 08:19:44,24552433,5009420351,2
2025-05-17 08:19:55,25076073,5009420351,2
2025-05-17 08:20:06,25571401,5009420351,2
2025-05-17 08:20:17,25940780,5009420351,2
2025-05-17 08:20:28,26338879,5009420351,2
2025-05-17 08:20:39,21410111,5009420351,2
2025-05-17 08:20:50,21762179,5009420351,2
2025-05-17 08:21:01,23071921,5009420351,2
2025-05-17 08:21:12,23683856,5009420351,2
2025-05-17 08:21:23,24323534,5009420351,2
2025-05-17 08:21:34,16759811,5018492530,2
2025-05-17 08:21:46,18055088,5018492530,2
2025-05-17 08:21:57,19126044,5018492530,2
2025-05-17 08:22:29,21864465,5018492530,2
2025-05-17 08:22:40,22611047,5018492530,2
2025-05-17 08:22:51,23299422,5018492530,2
2025-05-17 08:23:02,23905123,5018492530,2
2025-05-17 08:23:13,24502296,5018492530,2
2025-05-17 08:23:24,25048675,5018492530,2
2025-05-17 08:23:34,25532307,5018492530,2
2025-05-17 08:23:45,26019790,4994272215,2
2025-05-17 08:23:56,26408767,4994272215,2
2025-05-17 08:24:07,26659935,4994272215,2
2025-05-17 08:24:18,27015704,4994272215,2
2025-05-17 08:24:29,27320652,4994272215,2
2025-05-17 08:24:39,27601679,4994272215,2
2025-05-17 08:24:51,27896105,4994272215,2
2025-05-17 08:25:01,28128215,4994272215,2
2025-05-17 08:25:12,29301957,4994272215,2
2025-05-17 08:25:23,29959291,4994272215,2
2025-05-17 08:25:34,30515430,4994272215,2
2025-05-17 08:25:45,31033757,4994272215,2
2025-05-17 08:25:55,31499716,4994272215,2
2025-05-17 08:26:06,30221659,4994272215,2
2025-05-17 08:26:17,30268666,4994272215,2
2025-05-17 08:26:28,30616512,4994272215,2
2025-05-17 08:26:39,30437558,4994272215,2
2025-05-17 08:26:49,30802710,4994272215,2
2025-05-17 08:27:00,31080319,4994272215,2
2025-05-17 08:27:11,31320031,4988113018,2
2025-05-17 08:27:22,30702482,4993687717,2
2025-05-17 08:27:33,30710717,4993687717,2
2025-05-17 08:27:44,30739570,4993687717,2
2025-05-17 08:27:54,30795624,4993788132,2
2025-05-17 08:28:05,30779852,4993788132,2
2025-05-17 08:28:16,30801385,4993788132,2
2025-05-17 08:28:46,22414800,4993788132,2
2025-05-17 08:28:57,23033340,4993788132,2
2025-05-17 08:29:08,23720412,4993788132,2
2025-05-17 08:29:18,24079819,4993788132,2
2025-05-17 08:29:29,24350935,4993788132,2
2025-05-17 08:29:40,24899397,4993788132,2
2025-05-17 08:29:51,25457490,4993788132,2
2025-05-17 08:30:02,25959721,4993805656,2
2025-05-17 08:30:13,26271928,4983705738,2
2025-05-17 08:30:24,26685524,4983705738,2
2025-05-17 08:30:35,27024426,4983705738,2
2025-05-17 08:30:46,27370043,4983705738,2
2025-05-17 08:30:56,27652031,4983705738,2
2025-05-17 08:31:07,27886724,4983705738,2
2025-05-17 08:31:18,28330562,4983705738,2
2025-05-17 08:31:29,28514551,4983705738,2
2025-05-17 08:31:40,12316420,4978054707,2
2025-05-17 08:31:51,13996033,4978054707,2
2025-05-17 08:32:02,14627306,4978054707,2
2025-05-17 08:32:13,14630703,4978054707,2
2025-05-17 08:32:23,12993383,4978054707,2
2025-05-17 08:32:34,11892333,4978054707,2
2025-05-17 08:32:45,11896235,4978054707,2
2025-05-17 08:32:56,11898143,4981665064,2
2025-05-17 08:33:07,11898143,4981665064,2
2025-05-17 08:33:17,11897800,4981665064,2
2025-05-17 08:33:28,11906543,4981665064,2
2025-05-17 08:33:39,9735090,4981665064,2
2025-05-17 08:33:50,9435261,4979915624,2
2025-05-17 08:34:01,9099658,4979915624,2
2025-05-17 08:34:12,8847247,4979915624,2
2025-05-17 08:34:22,8631553,4979915624,2
2025-05-17 08:34:33,8451862,4979915624,2
2025-05-17 08:34:44,6400328,4979915624,2
2025-05-17 08:34:55,6399670,4979915624,2
2025-05-17 08:35:06,6026001,4979915624,2
2025-05-17 08:35:17,6026001,4979915624,2
2025-05-17 08:35:27,6022296,4979915624,2
2025-05-17 08:35:38,4419048,4979915624,2
2025-05-17 08:35:49,4415300,4979915624,2
2025-05-17 08:36:00,4421956,4979915624,2
2025-05-17 08:36:11,3999376,4979915624,2
2025-05-17 08:36:21,4001498,4979915624,2
2025-05-17 08:36:32,3435344,4979915624,2
2025-05-17 08:36:43,1813597,4979915624,2
2025-05-17 08:36:54,1825553,4979915624,2
2025-05-17 08:37:05,1828385,4979915624,2
2025-05-17 08:37:15,1828385,4979915624,2
2025-05-17 08:37:26,1298333,4979915624,2
2025-05-17 08:37:37,1292828,4979915624,2
2025-05-17 08:37:48,1296421,4959367822,2
2025-05-17 08:37:59,1030409,4959367822,2
2025-05-17 08:38:09,1032033,4959367822,2
2025-05-17 08:38:20,1041465,4959367822,2
2025-05-17 08:38:31,1037647,4960765555,2
2025-05-17 08:38:42,1041863,4960765555,2
2025-05-17 08:38:53,1041074,4960765555,2
2025-05-17 08:39:04,1012412,4960765555,2
2025-05-17 08:39:15,1013173,4960765555,2
2025-05-17 08:39:26,1015781,4960765555,2
2025-05-17 08:39:37,1026308,4960765555,2
2025-05-17 08:39:47,1029432,4960765555,2
2025-05-17 08:39:58,1027396,4960765555,2
2025-05-17 08:40:10,1039461,4952746639,2
2025-05-17 08:40:20,1034597,4952746639,2
2025-05-17 08:40:31,96690,4952746639,2
2025-05-17 08:40:42,96297,4952746639,2
2025-05-17 08:40:53,95362,4952746639,2
2025-05-17 08:41:04,100486,4952746639,2
2025-05-17 08:41:15,106737,4952746639,2
2025-05-17 08:41:25,108871,4952746639,2
2025-05-17 08:41:36,109952,4952746639,2
2025-05-17 08:41:47,114490,4952746639,2
2025-05-17 08:41:58,114074,4952746639,2
2025-05-17 08:42:09,111486,4952746639,2
2025-05-17 08:42:20,117183,4952746639,2
2025-05-17 08:42:30,119881,4952746639,2
2025-05-17 08:42:41,119064,4952746639,2
2025-05-17 08:42:52,121155,4952746639,2
2025-05-17 08:43:03,126419,4955018933,2
2025-05-17 08:43:14,142107,4955018933,2
2025-05-17 08:43:25,144337,4955018933,2
2025-05-17 08:43:35,134830,4955018933,2
2025-05-17 08:43:46,146375,4955018933,2
2025-05-17 08:43:57,162163,4955018933,2
2025-05-17 08:44:08,163881,4952396869,2
2025-05-17 08:44:19,164900,4952396869,2
2025-05-17 08:44:30,167743,4952396869,2
2025-05-17 08:44:40,165161,4952396869,2
2025-05-17 08:44:51,148942,4952396869,2
2025-05-17 08:45:02,148950,4952396869,2
2025-05-17 08:45:13,152445,4945313881,2
2025-05-17 08:45:24,152162,4945313881,2
2025-05-17 08:45:35,161584,4945313881,2
2025-05-17 08:45:45,172111,4945313881,2
2025-05-17 08:45:56,172111,4945313881,2
2025-05-17 08:46:07,176061,4945313881,2
2025-05-17 08:46:18,187555,4945313881,2
2025-05-17 08:46:29,180104,4945313881,2
2025-05-17 08:46:40,188186,4945313881,2
2025-05-17 08:46:50,72742,4945313881,2
2025-05-17 08:47:01,86798,4945313881,2
2025-05-17 08:47:12,694494,4945313881,2
2025-05-17 08:47:23,3796194,4945313881,2
2025-05-17 08:47:34,6033120,4945313881,2
2025-05-17 08:47:45,8278976,4945313881,2
2025-05-17 08:47:56,10497612,4945313881,2
2025-05-17 08:48:06,12431760,4945313881,2
2025-05-17 08:48:17,14249442,4945313881,2
2025-05-17 08:48:28,15922580,4945313881,2
2025-05-17 08:48:39,17497187,4945313881,2
2025-05-17 08:48:50,19008992,4945313881,2
2025-05-17 08:49:01,20282078,4945313881,2
2025-05-17 08:49:12,21423394,4945313881,2
2025-05-17 08:49:23,22544510,4945313881,2
2025-05-17 08:49:33,23540440,4945313881,2
2025-05-17 08:49:44,24471439,4958031640,2
2025-05-17 08:49:55,24950564,4958031640,2
2025-05-17 08:50:06,25639577,4958031640,2
2025-05-17 08:50:17,26367913,4958031640,2
2025-05-17 08:50:28,27030389,4958031640,2
2025-05-17 08:50:39,28275114,4958031640,2
2025-05-17 08:50:50,28733642,4958031640,2
2025-05-17 08:51:01,29291847,4958031640,2
2025-05-17 08:51:11,29714700,4958031640,2
2025-05-17 08:51:22,30099619,4958031640,2
2025-05-17 08:51:33,30518821,4958031640,2
2025-05-17 08:51:44,23700203,4958031640,2
2025-05-17 08:51:55,24592114,4958031640,2
2025-05-17 08:52:06,25407832,4958031640,2
2025-05-17 08:52:17,26218096,4958031640,2
2025-05-17 08:52:28,26891080,4958031640,2
2025-05-17 08:52:38,27520330,4958031640,2
2025-05-17 08:52:49,28067915,4958031640,2
2025-05-17 08:53:00,28591838,4964230288,2
2025-05-17 08:53:11,29151938,4964230288,2
2025-05-17 08:53:22,29606390,4964230288,2
2025-05-17 08:53:33,30067549,4964230288,2
2025-05-17 08:53:44,31000683,4963907135,2
2025-05-17 08:53:55,22572131,4963907135,2
2025-05-17 08:54:05,23598008,4963907135,2
2025-05-17 08:54:16,24258864,4963907135,2
2025-05-17 08:54:27,25191699,4963907135,2
2025-05-17 08:54:38,25977773,4963907135,2
2025-05-17 08:54:49,26666575,4963907135,2
2025-05-17 08:55:00,27349786,4963907135,2
2025-05-17 08:55:11,28027188,4963907135,2
2025-05-17 08:55:21,28621012,4970991520,2
2025-05-17 08:55:32,28985711,4970991520,2
2025-05-17 08:55:43,29544099,4970991520,2
2025-05-17 08:55:54,29981283,4970991520,2
2025-05-17 08:56:05,30246389,4970991520,2
2025-05-17 08:56:16,30613401,4970991520,2
2025-05-17 08:56:27,30982255,4970991520,2
2025-05-17 08:56:37,31278509,4970991520,2
2025-05-17 08:56:48,31566658,4970991520,2
2025-05-17 08:56:59,31833930,4968263686,3
2025-05-17 09:24:44,28640221,4969861317,3
2025-05-17 09:24:50,29142468,4969861317,3
2025-05-17 09:24:55,29600987,4969861317,3
2025-05-17 09:25:01,29600987,4969861317,3
2025-05-17 09:25:06,30023652,4979203966,3
2025-05-17 09:25:12,30023652,4979203966,3
2025-05-17 09:25:17,30394834,4979203966,3
2025-05-17 09:25:23,30394834,4979203966,3
2025-05-17 09:25:28,30604300,4979203966,3
2025-05-17 09:25:34,30604300,4979203966,3
2025-05-17 09:25:39,30577679,4979203966,3
2025-05-17 09:25:45,30577679,4979203966,3
2025-05-17 09:25:50,30574934,4979203966,3
2025-05-17 09:25:56,30574934,4979203966,3
2025-05-17 09:26:01,30613651,4979203966,3
2025-05-17 09:26:07,30613651,4979203966,3
2025-05-17 09:26:12,30587508,4987500858,3
2025-05-17 09:26:18,30587508,4987500858,3
2025-05-17 09:26:23,30558266,4987500858,3
2025-05-17 09:26:29,30558266,4987500858,3
2025-05-17 09:26:34,30561337,4987500858,3
2025-05-17 09:26:40,30662243,4985387945,3
2025-05-17 09:26:45,30662243,4985387945,3
2025-05-17 09:26:51,30554919,4985387945,3
2025-05-17 09:26:56,30554919,4985387945,3
2025-05-17 09:27:02,22582294,4985387945,3
2025-05-17 09:27:07,22582294,4985387945,3
2025-05-17 09:27:13,23195334,4985387945,3
2025-05-17 09:27:18,23195334,4985387945,3
2025-05-17 09:27:24,23951772,4985387945,3
2025-05-17 09:27:29,23951772,4985387945,3
2025-05-17 09:27:34,24105611,4985387945,3
2025-05-17 09:27:40,24105611,4985387945,3
2025-05-17 09:27:46,24631618,4985387945,3
2025-05-17 09:27:51,24631618,4985387945,3
2025-05-17 09:27:57,24757483,4985387945,3
2025-05-17 09:28:02,24757483,4985387945,3
2025-05-17 09:28:08,25218618,4985387945,3
2025-05-17 09:28:13,25218618,4985387945,3
2025-05-17 09:28:19,25532594,4985387945,3
2025-05-17 09:28:24,25532594,4985387945,3
2025-05-17 09:28:30,26023844,4985387945,3
2025-05-17 09:28:35,26023844,4985387945,3
2025-05-17 09:28:40,26443735,4985387945,3
2025-05-17 09:28:46,26443735,4985387945,3
2025-05-17 09:28:51,26730694,4985387945,3
2025-05-17 09:28:57,26730694,4985387945,3
2025-05-17 09:29:02,27029151,4985387945,3
2025-05-17 09:29:07,27029151,4985387945,3
2025-05-17 09:29:13,27332741,4985387945,3
2025-05-17 09:29:18,27617488,4985387945,3
2025-05-17 09:29:24,27617488,4985387945,3
2025-05-17 09:29:29,27878711,4985387945,3
2025-05-17 09:29:35,27878711,4985387945,3
2025-05-17 09:29:40,28114871,4985387945,3
2025-05-17 09:29:46,28114871,4985387945,3
2025-05-17 09:29:51,28312284,4983273403,3
2025-05-17 09:29:57,28312284,4983273403,3
2025-05-17 09:30:02,28504181,4983273403,3
2025-05-17 09:30:08,28504181,4983273403,3
2025-05-17 09:30:13,28701453,4983273403,3
2025-05-17 09:30:19,28701453,4983273403,3
2025-05-17 09:30:24,28888380,4983273403,3
2025-05-17 09:30:30,28888380,4983273403,3
2025-05-17 09:30:35,28987291,4983273403,3
2025-05-17 09:30:41,28987291,4983273403,3
2025-05-17 09:30:46,29115342,4983273403,3
2025-05-17 09:30:52,29432290,4970566824,3
2025-05-17 09:30:57,29432290,4970566824,3
2025-05-17 09:31:03,29432290,4970566824,3
2025-05-17 09:31:08,29365960,4970566824,3
2025-05-17 09:31:14,29485818,4970566824,3
2025-05-17 09:31:19,29485818,4970566824,3
2025-05-17 09:31:25,29566988,4970566824,3
2025-05-17 09:31:30,29566988,4970566824,3
2025-05-17 09:31:36,29648168,4970566824,3
2025-05-17 09:31:41,29648168,4970566824,3
2025-05-17 09:31:47,29778000,4970566824,3
2025-05-17 09:31:52,29778000,4970566824,3
2025-05-17 09:31:58,14950710,4970566824,3
2025-05-17 09:32:03,14950710,4970566824,3
2025-05-17 09:32:09,16303377,4970566824,3
2025-05-17 09:32:14,16303377,4970566824,3
2025-05-17 09:32:20,17553101,4970566824,3
2025-05-17 09:32:25,17553101,4970566824,3
2025-05-17 09:32:31,18654566,4970566824,3
2025-05-17 09:32:36,18654566,4970566824,3
2025-05-17 09:32:42,19684518,4970566824,3
2025-05-17 09:32:47,19684518,4970566824,3
2025-05-17 09:33:11,22247268,4970566824,3
2025-05-17 09:33:17,22247268,4970566824,3
2025-05-17 09:33:22,23310186,4970566824,3
2025-05-17 09:33:28,23310186,4970566824,3
2025-05-17 09:33:33,23657853,4970566824,3
2025-05-17 09:33:39,23657853,4970566824,3
2025-05-17 09:33:44,24227534,4970566824,3
2025-05-17 09:33:50,24227534,4970566824,3
2025-05-17 09:33:55,24768890,4970566824,3
2025-05-17 09:34:01,24768890,4970566824,3
2025-05-17 09:34:06,25280266,4970566824,3
2025-05-17 09:34:12,25280266,4970566824,3
2025-05-17 09:34:17,25950871,4970566824,3
2025-05-17 09:34:23,25950871,4970566824,3
2025-05-17 09:34:28,26173880,4970566824,3
2025-05-17 09:34:33,26173880,4970566824,3
2025-05-17 09:34:39,26549163,4970566824,3
2025-05-17 09:34:44,26549163,4970566824,3
2025-05-17 09:34:49,26911879,4970566824,3
2025-05-17 09:34:55,26911879,4970566824,3
2025-05-17 09:35:00,27233368,4970566824,3
2025-05-17 09:35:06,27233368,4970566824,3
2025-05-17 09:35:11,27535092,4970566824,3
2025-05-17 09:35:17,20249619,4970566824,3
2025-05-17 09:35:22,20249619,4970566824,3
2025-05-17 09:35:28,21459999,4970566824,3
2025-05-17 09:35:33,21459999,4970566824,3
2025-05-17 09:35:39,22807066,4970566824,3
2025-05-17 09:35:44,22807066,4970566824,3
2025-05-17 09:35:50,24269927,4970566824,3
2025-05-17 09:35:55,24269927,4970566824,3
2025-05-17 09:36:01,25736597,4970566824,3
2025-05-17 09:36:06,25736597,4970566824,3
2025-05-17 09:36:12,24819065,4970566824,3
2025-05-17 09:36:17,23445667,4970566824,3
2025-05-17 09:36:23,23445667,4970566824,3
2025-05-17 09:36:28,22755572,4970566824,3
2025-05-17 09:36:34,22755572,4970566824,3
2025-05-17 09:36:39,20667601,4970566824,3
2025-05-17 09:36:45,20667601,4970566824,3
2025-05-17 09:36:50,11486242,4970566824,3
2025-05-17 09:36:56,11486242,4970566824,3
2025-05-17 09:37:01,11483475,4970566824,3
2025-05-17 09:37:07,10718706,4970566824,3
2025-05-17 09:37:12,10718706,4970566824,3
2025-05-17 09:37:18,10534326,4970566824,3
2025-05-17 09:37:23,10534326,4970566824,3
2025-05-17 09:37:29,10538196,4970566824,3
2025-05-17 09:37:34,10538196,4970566824,3
2025-05-17 09:37:40,10538196,4970566824,3
2025-05-17 09:37:45,10538196,4970566824,3
2025-05-17 09:37:50,10546152,4970566824,3
2025-05-17 09:37:56,10546152,4970566824,3
2025-05-17 09:38:01,4078969,4970566824,3
2025-05-17 09:38:07,2976386,4970566824,3
2025-05-17 09:38:12,2976386,4970566824,3
2025-05-17 09:38:17,2959850,4970566824,3
2025-05-17 09:38:23,2959850,4970566824,3
2025-05-17 09:38:28,2628783,4970566824,3
2025-05-17 09:38:34,2628783,4970566824,3
2025-05-17 09:38:39,2629416,4970566824,3
2025-05-17 09:38:45,2629416,4970566824,3
2025-05-17 09:38:50,2630958,4970566824,3
2025-05-17 09:38:56,2630958,4970566824,3
2025-05-17 09:39:01,2249000,4970566824,3
2025-05-17 09:39:07,2249370,4970566824,3
2025-05-17 09:39:12,2249370,4970566824,3
2025-05-17 09:39:18,2254981,4970566824,3
2025-05-17 09:39:23,2254981,4970566824,3
2025-05-17 09:39:29,1846120,4970566824,3
2025-05-17 09:39:34,1846120,4970566824,3
2025-05-17 09:39:40,1845992,4970566824,3
2025-05-17 09:39:45,1845992,4970566824,3
2025-05-17 09:39:51,1845992,4970566824,3
2025-05-17 09:39:56,1845992,4970566824,3
2025-05-17 09:40:02,1821949,4970566824,3
2025-05-17 09:40:07,1466526,4970566824,3
2025-05-17 09:40:13,1466526,4970566824,3
2025-05-17 09:40:18,1472214,4970566824,3
2025-05-17 09:40:24,1472214,4970566824,3
2025-05-17 09:40:29,1479839,4970566824,3
2025-05-17 09:40:35,1479839,4970566824,3
2025-05-17 09:40:40,1479788,4970566824,3
2025-05-17 09:40:46,1479788,4970566824,3
2025-05-17 09:40:51,1479788,4970566824,3
2025-05-17 09:40:57,1474877,4970566824,3
2025-05-17 09:41:02,1474877,4970566824,3
2025-05-17 09:41:08,1474877,4970566824,3
2025-05-17 09:41:13,1474877,4970566824,3
2025-05-17 09:41:19,1044970,4970566824,3
2025-05-17 09:41:24,1044970,4970566824,3
2025-05-17 09:41:30,1044970,4970566824,3
2025-05-17 09:41:35,1044970,4970566824,3
2025-05-17 09:41:41,901762,4970566824,3
2025-05-17 09:41:46,901762,4970566824,3
2025-05-17 09:41:52,874248,4970566824,3
2025-05-17 09:41:58,889632,4970566824,3
2025-05-17 09:42:03,889632,4970566824,3
2025-05-17 09:42:09,883469,4970566824,3
2025-05-17 09:42:14,883469,4970566824,3
2025-05-17 09:42:19,884016,4970566824,3
2025-05-17 09:42:25,884016,4970566824,3
2025-05-17 09:42:30,882048,4972394292,3
2025-05-17 09:42:36,882048,4972394292,3
2025-05-17 09:42:41,882169,4972394292,3
2025-05-17 09:42:47,881578,4972394292,3
2025-05-17 09:42:52,881578,4972394292,3
2025-05-17 09:42:58,881578,4972394292,3
2025-05-17 09:43:03,881578,4972394292,3
2025-05-17 09:43:09,623847,4972394292,3
2025-05-17 09:43:14,623847,4972394292,3
2025-05-17 09:43:20,602027,4972394292,3
2025-05-17 09:43:25,602027,4972394292,3
2025-05-17 09:43:31,607835,4972394292,3
2025-05-17 09:43:36,607835,4972394292,3
2025-05-17 09:43:42,607502,4972394292,3
2025-05-17 09:43:47,592793,4972394292,3
2025-05-17 09:43:53,592793,4972394292,3
2025-05-17 09:43:58,488855,4972394292,3
2025-05-17 09:44:04,488855,4972394292,3
2025-05-17 09:44:09,488855,4972394292,3
2025-05-17 09:44:15,488855,4972394292,3
2025-05-17 09:44:20,488320,4972394292,3
2025-05-17 09:44:26,488320,4972394292,3
2025-05-17 09:44:31,493908,4972394292,3
2025-05-17 09:44:37,496583,4972394292,3
2025-05-17 09:44:44,496583,4972394292,3
2025-05-17 09:44:50,405089,4972394292,3
2025-05-17 09:44:55,405089,4972394292,3
2025-05-17 09:45:01,411634,4972394292,3
2025-05-17 09:45:06,411634,4972394292,3
2025-05-17 09:45:12,418064,4972394292,3
2025-05-17 09:45:17,420768,4972394292,3
2025-05-17 09:45:24,420768,4972394292,3
2025-05-17 09:45:29,420768,4972394292,3
2025-05-17 09:45:35,420768,4972394292,3
2025-05-17 09:45:40,416438,4972394292,3
2025-05-17 09:45:45,416438,4972394292,3
2025-05-17 09:45:51,344295,4972394292,3
2025-05-17 09:45:57,344295,4972394292,3
2025-05-17 09:46:02,331297,4972394292,3
2025-05-17 09:46:08,333612,4972394292,3
2025-05-17 09:46:13,333612,4972394292,3
2025-05-17 09:46:19,333612,4972394292,3
2025-05-17 09:46:24,333612,4972394292,3
2025-05-17 09:46:30,333612,4972394292,3
2025-05-17 09:46:35,333612,4972394292,3
2025-05-17 09:46:41,321973,4978869343,3
2025-05-17 09:46:48,280660,4978869343,3
2025-05-17 09:46:54,280660,4978869343,3
2025-05-17 09:47:00,69112,4978869343,3
2025-05-17 09:47:06,69112,4978869343,3
2025-05-17 09:47:11,76318,4978869343,3
2025-05-17 09:47:17,76318,4978869343,3
2025-05-17 09:47:22,82463,4978869343,3
2025-05-17 09:47:28,85218,4978869343,3
2025-05-17 09:47:33,85218,4978869343,3
2025-05-17 09:47:39,88129,4978869343,3
2025-05-17 09:47:44,88129,4978869343,3
2025-05-17 09:47:50,93679,4978869343,3
2025-05-17 09:47:55,93679,4978869343,3
2025-05-17 09:48:01,93926,4980994863,3
2025-05-17 09:48:06,93926,4980994863,3
2025-05-17 09:48:12,93926,4980994863,3
2025-05-17 09:48:17,96659,4980994863,3
2025-05-17 09:48:23,96659,4980994863,3
2025-05-17 09:48:28,102710,4980994863,3
2025-05-17 09:48:42,103716,4980994863,3
2025-05-17 09:48:47,106997,4980994863,3
2025-05-17 09:48:53,106997,4980994863,3
2025-05-17 09:48:58,108130,4980994863,3
2025-05-17 09:49:09,108130,4980994863,3
2025-05-17 09:49:14,108130,4980994863,3
2025-05-17 09:49:21,109083,4980994863,3
2025-05-17 09:49:26,109083,4980994863,3
2025-05-17 09:49:32,115840,4980994863,3
2025-05-17 09:49:37,115840,4980994863,3
2025-05-17 09:49:43,121540,4980994863,3
2025-05-17 09:49:48,126930,4963941220,3
2025-05-17 09:49:53,126930,4963941220,3
2025-05-17 09:49:59,128644,4963941220,3
2025-05-17 09:50:06,128644,4963941220,3
2025-05-17 09:50:11,128552,4963941220,3
2025-05-17 09:50:17,128552,4963941220,3
2025-05-17 09:50:22,102940,4963941220,3
2025-05-17 09:50:28,102940,4963941220,3
2025-05-17 09:50:33,102940,4963941220,3
2025-05-17 09:50:39,87314,4963941220,3
2025-05-17 09:50:44,87314,4963941220,3
2025-05-17 09:50:50,85879,4977246697,3
2025-05-17 09:50:55,85879,4977246697,3
2025-05-17 09:51:01,85879,4977246697,3
2025-05-17 09:51:06,85879,4977246697,3
2025-05-17 09:51:12,98496,4973744528,3
2025-05-17 09:51:17,98496,4973744528,3
2025-05-17 09:51:23,92023,4973744528,3
2025-05-17 09:51:28,90677,4973744528,3
2025-05-17 09:51:34,90677,4973744528,3
2025-05-17 09:51:39,103657,4973744528,3
2025-05-17 09:51:45,103657,4973744528,3
2025-05-17 09:51:50,2727261,4973744528,3
2025-05-17 09:51:56,2727261,4973744528,3
2025-05-17 09:52:01,3597030,4973744528,3
2025-05-17 09:52:07,3597030,4973744528,3
2025-05-17 09:52:12,6239584,4973744528,3
2025-05-17 09:52:18,6239584,4973744528,3
2025-05-17 09:52:23,6903896,4974527590,3
2025-05-17 09:52:29,6903896,4974527590,3
2025-05-17 09:52:34,8575908,4974527590,3
2025-05-17 09:52:40,8575908,4974527590,3
2025-05-17 09:52:45,10443465,4974527590,3
2025-05-17 09:52:51,10443465,4974527590,3
2025-05-17 09:52:56,11274787,4974527590,3
2025-05-17 09:53:02,11274787,4974527590,3
2025-05-17 09:53:07,13219720,4974527590,3
2025-05-17 09:53:13,13742466,4974481218,3
2025-05-17 09:53:18,13742466,4974481218,3
2025-05-17 09:53:24,13742466,4974481218,3
2025-05-17 09:53:29,15636271,4974481218,3
2025-05-17 09:53:35,15636271,4974481218,3
2025-05-17 09:53:40,17226691,4974481218,3
2025-05-17 09:53:46,17226691,4974481218,3
2025-05-17 09:53:51,18768416,4974481218,3
2025-05-17 09:53:57,20066207,4974481218,3
2025-05-17 09:54:02,20066207,4974481218,3
2025-05-17 09:54:08,21197888,4977755151,3
2025-05-17 09:54:13,21197888,4977755151,3
2025-05-17 09:54:18,22330107,4977755151,3
2025-05-17 09:54:24,22330107,4977755151,3
2025-05-17 09:54:30,23340669,4977755151,3
2025-05-17 09:54:35,23340669,4977755151,3
2025-05-17 09:54:40,24283922,4977755151,3
2025-05-17 09:54:46,24283922,4977755151,3
2025-05-17 09:54:52,25124399,4977755151,3
2025-05-17 09:54:57,25124399,4977755151,3
2025-05-17 09:55:03,25929446,4977755151,3
2025-05-17 09:55:08,25929446,4977755151,3
2025-05-17 09:55:14,26636286,4977755151,3
2025-05-17 09:55:19,26636286,4977755151,3
2025-05-17 09:55:25,27285147,4977755151,3
2025-05-17 09:55:30,27285147,4977755151,3
2025-05-17 09:55:36,27938346,4977755151,3
2025-05-17 09:55:41,28457046,4977755151,3
2025-05-17 09:55:47,28457046,4977755151,3
2025-05-17 09:55:52,28941043,4977755151,3
2025-05-17 09:55:57,28941043,4977755151,3
2025-05-17 09:56:03,29385646,4977755151,3
2025-05-17 09:56:09,29385646,4977755151,3
2025-05-17 09:56:14,29824954,4977755151,3
2025-05-17 09:56:20,29824954,4977755151,3
2025-05-17 09:56:25,30231154,4977755151,3
2025-05-17 09:56:31,30231154,4977755151,3
2025-05-17 09:56:36,30481750,4977755151,3
2025-05-17 09:56:42,30481750,4977755151,3
2025-05-17 09:56:47,30721025,4977755151,3
2025-05-17 09:56:52,30721025,4977755151,3
2025-05-17 09:56:58,31040058,4977755151,3
2025-05-17 09:57:03,31331697,4977755151,3
2025-05-17 09:57:08,31331697,4977755151,3
2025-05-17 09:57:14,31745604,4974935886,3
2025-05-17 09:57:19,31745604,4974935886,3
2025-05-17 09:57:25,31905009,4974935886,3
2025-05-17 09:57:30,31905009,4974935886,3
2025-05-17 09:57:36,32238951,4966263805,3
2025-05-17 09:57:41,32238951,4966263805,3
2025-05-17 09:57:47,32368630,4966263805,3
2025-05-17 09:57:52,32368630,4966263805,3
2025-05-17 09:57:58,32557412,4966263805,3
2025-05-17 09:58:03,32557412,4966263805,3
2025-05-17 09:58:09,32707277,4966263805,3
2025-05-17 09:58:14,32707277,4966263805,3
2025-05-17 09:58:20,32831073,4966263805,3
2025-05-17 09:58:25,32831073,4966263805,3
2025-05-17 09:58:31,32959574,4966263805,3
2025-05-17 09:58:36,32959574,4966263805,3
2025-05-17 09:58:42,33125667,4966263805,3
2025-05-17 09:58:47,33125667,4966263805,3
2025-05-17 09:58:53,33250358,4966263805,3
2025-05-17 09:58:58,33250358,4966263805,3
2025-05-17 09:59:04,33362065,4966263805,3
2025-05-17 09:59:09,33362065,4966263805,3
2025-05-17 09:59:15,33493586,4966263805,3
2025-05-17 09:59:20,33577888,4966263805,3
2025-05-17 09:59:45,33751541,4966263805,3
2025-05-17 09:59:50,33751541,4966263805,3
2025-05-17 09:59:56,33826848,4966263805,3
2025-05-17 10:00:01,33826848,4966263805,3
2025-05-17 10:00:07,33925587,4966263805,3
2025-05-17 10:00:12,33925587,4966263805,3
2025-05-17 10:00:18,33943753,4966263805,3
2025-05-17 10:00:23,25493586,4966263805,3
2025-05-17 10:00:29,25493586,4966263805,3
2025-05-17 10:00:34,26294318,4966263805,3
2025-05-17 10:00:39,26294318,4966263805,3
2025-05-17 10:00:45,26376090,4966263805,3
2025-05-17 10:00:50,26376090,4966263805,3
2025-05-17 10:00:56,27180729,4966263805,3
2025-05-17 10:01:01,27180729,4966263805,3
2025-05-17 10:01:07,27046409,4966263805,3
2025-05-17 10:01:12,27046409,4966263805,3
2025-05-17 10:01:18,27067863,4966263805,3
2025-05-17 10:01:23,27067863,4966263805,3
2025-05-17 10:01:29,27900174,4967661530,3
2025-05-17 10:01:34,27900174,4967661530,3
2025-05-17 10:01:40,27373614,4967661530,3
2025-05-17 10:01:45,27373614,4967661530,3
2025-05-17 10:01:51,27673551,4967661530,3
2025-05-17 10:01:56,10520482,4967661530,3
2025-05-17 10:02:02,10520482,4967661530,3
2025-05-17 10:02:07,10520482,4967661530,3
2025-05-17 10:02:13,12591106,4967661530,3
2025-05-17 10:02:18,12591106,4967661530,3
2025-05-17 10:02:24,14123870,4967661530,3
2025-05-17 10:02:29,14123870,4967661530,3
2025-05-17 10:02:35,15521819,4967661530,3
2025-05-17 10:02:41,16825792,4967661530,3
2025-05-17 10:02:46,16825792,4967661530,3
2025-05-17 10:02:52,17989956,4967661530,3
2025-05-17 10:02:57,17989956,4967661530,3
2025-05-17 10:03:02,19066678,4967661530,3
2025-05-17 10:03:08,19066678,4967661530,3
2025-05-17 10:03:13,20038903,4967661530,3
2025-05-17 10:03:19,20038903,4967661530,3
2025-05-17 10:03:24,20894837,4967661530,3
2025-05-17 10:03:30,20894837,4967661530,3
2025-05-17 10:03:35,21894487,4967661530,3
2025-05-17 10:03:41,21894487,4967661530,3
2025-05-17 10:03:46,22615748,4967661530,3
2025-05-17 10:03:52,22615748,4967661530,3
2025-05-17 10:03:57,23316111,4967661530,3
2025-05-17 10:04:03,23316111,4967661530,3
2025-05-17 10:04:08,23972052,4967661530,3
2025-05-17 10:04:15,24880117,4967661530,3
2025-05-17 10:04:20,24880117,4967661530,3
2025-05-17 10:04:26,25852281,4967661530,3
2025-05-17 10:04:31,25852281,4967661530,3
2025-05-17 10:04:37,26259821,4964316726,3
2025-05-17 10:04:42,26259821,4964316726,3
2025-05-17 10:04:48,26935050,4964316726,3
2025-05-17 10:04:53,26935050,4964316726,3
2025-05-17 10:04:58,27647226,4964316726,3
2025-05-17 10:05:04,27647226,4964316726,3
2025-05-17 10:05:10,28179344,4960002297,3
2025-05-17 10:05:15,28179344,4960002297,3
2025-05-17 10:05:20,28735042,4960002297,3
2025-05-17 10:05:26,28735042,4960002297,3
2025-05-17 10:05:31,29239691,4960437647,3
2025-05-17 10:05:37,29239691,4960437647,3
2025-05-17 10:05:42,29667900,4960437647,3
2025-05-17 10:05:47,29667900,4960437647,3
2025-05-17 10:05:53,30084868,4960437647,3
2025-05-17 10:05:58,30084868,4960437647,3
2025-05-17 10:06:04,30255999,4960437647,3
2025-05-17 10:06:09,30255999,4960437647,3
2025-05-17 10:06:15,30311503,4960437647,3
2025-05-17 10:06:20,30311503,4960437647,3
2025-05-17 10:06:26,30355649,4960437647,3
2025-05-17 10:06:31,30355649,4960437647,3
2025-05-17 10:06:37,30389810,4960437647,3
2025-05-17 10:06:42,30799390,4960437647,3
2025-05-17 10:06:48,30799390,4960437647,3
2025-05-17 10:06:53,23667382,4960437647,3
2025-05-17 10:06:59,23667382,4960437647,3
2025-05-17 10:07:04,24349287,4960437647,3
2025-05-17 10:07:10,24349287,4960437647,3
2025-05-17 10:07:15,24881969,4960437647,3
2025-05-17 10:07:21,24881969,4960437647,3
2025-05-17 10:07:26,25401769,4960437647,3
2025-05-17 10:07:32,25401769,4960437647,3
2025-05-17 10:07:37,25939122,4960437647,3
2025-05-17 10:07:43,25939122,4960437647,3
2025-05-17 10:07:48,26597389,4960437647,3
2025-05-17 10:07:54,27523368,4960437647,3
2025-05-17 10:07:59,27523368,4960437647,3
2025-05-17 10:08:05,27984734,4960437647,3
2025-05-17 10:08:10,27984734,4960437647,3
2025-05-17 10:08:16,26172605,4960437647,3
2025-05-17 10:08:21,26172605,4960437647,3
2025-05-17 10:08:27,25833091,4960437647,3
2025-05-17 10:08:32,25833091,4960437647,3
2025-05-17 10:08:38,24688365,4960437647,3
2025-05-17 10:08:43,24688365,4960437647,3
2025-05-17 10:08:49,24689550,4960437647,3
2025-05-17 10:08:54,24691064,4960437647,3
2025-05-17 10:09:00,24691064,4960437647,3
2025-05-17 10:09:05,22939272,4960437647,3
2025-05-17 10:09:11,22939272,4960437647,3
2025-05-17 10:09:16,22749687,4960437647,3
2025-05-17 10:09:22,22749687,4960437647,3
2025-05-17 10:09:27,22653501,4974999167,3
2025-05-17 10:09:33,22653501,4974999167,3
2025-05-17 10:09:38,22653501,4974999167,3
2025-05-17 10:09:44,22428440,4974999167,3
2025-05-17 10:09:49,22428440,4974999167,3
2025-05-17 10:09:55,22422223,4971602707,3
2025-05-17 10:10:00,22422223,4971602707,3
2025-05-17 10:10:06,17347036,4971602707,3
2025-05-17 10:10:11,17347036,4971602707,3
2025-05-17 10:10:17,17257651,4971602707,3
2025-05-17 10:10:22,17257651,4971602707,3
2025-05-17 10:10:28,17164779,4971602707,3
2025-05-17 10:10:33,17164779,4971602707,3
2025-05-17 10:10:39,13218340,4971602707,3
2025-05-17 10:10:44,12268446,4971602707,3
2025-05-17 10:10:50,12268446,4971602707,3
2025-05-17 10:10:55,11741431,4971602707,3
2025-05-17 10:11:01,11741431,4971602707,3
2025-05-17 10:11:06,11650260,4971602707,3
2025-05-17 10:11:12,11650260,4971602707,3
2025-05-17 10:11:17,11596875,4971602707,3
2025-05-17 10:11:23,11596875,4971602707,3
2025-05-17 10:11:28,10143303,4971602707,3
2025-05-17 10:11:34,9023886,4971602707,3
2025-05-17 10:11:39,9023886,4971602707,3
2025-05-17 10:11:45,8601393,4971602707,3
2025-05-17 10:11:50,8601393,4971602707,3
2025-05-17 10:11:56,8603007,4971602707,3
2025-05-17 10:12:01,8603007,4971602707,3
2025-05-17 10:12:07,8116834,4971602707,3
2025-05-17 10:12:13,8116834,4971602707,3
2025-05-17 10:12:18,7196423,4983045033,3
2025-05-17 10:12:24,7177848,4983045033,3
2025-05-17 10:12:29,7177848,4983045033,3
2025-05-17 10:12:35,7182264,4983045033,3
2025-05-17 10:12:41,7182264,4983045033,3
2025-05-17 10:12:46,7182264,4983045033,3
2025-05-17 10:12:52,7182264,4983045033,3
2025-05-17 10:12:57,7090278,4983045033,3
2025-05-17 10:13:03,7090278,4983045033,3
2025-05-17 10:13:08,7090278,4983045033,3
2025-05-17 10:13:14,7023103,4983045033,3
2025-05-17 10:13:19,7023103,4983045033,3
2025-05-17 10:13:25,7014469,4983045033,3
2025-05-17 10:13:30,7014469,4983045033,3
2025-05-17 10:13:36,5665652,4983045033,3
2025-05-17 10:13:41,5665652,4983045033,3
2025-05-17 10:13:47,5611769,4983045033,3
2025-05-17 10:13:52,5611769,4983045033,3
2025-05-17 10:13:58,4440712,4983045033,3
2025-05-17 10:14:03,4440712,4983045033,3
2025-05-17 10:14:09,4294552,4983045033,3
2025-05-17 10:14:14,4294552,4983045033,3
2025-05-17 10:14:20,4294552,4983045033,3
2025-05-17 10:14:25,3877786,4983045033,3
2025-05-17 10:14:31,3877786,4983045033,3
2025-05-17 10:14:36,3877786,4983045033,3
2025-05-17 10:14:42,3877786,4983045033,3
2025-05-17 10:14:47,3518221,4979990771,3
2025-05-17 10:14:53,3518221,4979990771,3
2025-05-17 10:14:58,3513739,4979990771,3
2025-05-17 10:15:04,3513739,4979990771,3
2025-05-17 10:15:09,3513739,4979990771,3
2025-05-17 10:15:15,3502352,4992743574,3
2025-05-17 10:15:20,3502352,4992743574,3
2025-05-17 10:15:26,3504003,4992743574,3
2025-05-17 10:15:31,3504003,4992743574,3
2025-05-17 10:15:37,3506466,4992743574,3
2025-05-17 10:15:42,3506466,4992743574,3
2025-05-17 10:15:48,3507008,4992743574,3
2025-05-17 10:15:54,3466825,4992743574,3
2025-05-17 10:16:00,3466825,4992743574,3
2025-05-17 10:16:05,3464047,4992743574,3
2025-05-17 10:16:10,3464047,4992743574,3
2025-05-17 10:16:16,3458914,4992638821,3
2025-05-17 10:16:21,3458914,4992638821,3
2025-05-17 10:16:27,3066655,4992638821,3
2025-05-17 10:16:32,3066655,4992638821,3
2025-05-17 10:16:38,3018253,4992638821,3
2025-05-17 10:16:44,1787130,4992638821,3
2025-05-17 10:16:49,1787130,4992638821,3
2025-05-17 10:16:55,1725512,4992638821,3
2025-05-17 10:17:00,1725512,4992638821,3
2025-05-17 10:17:06,150954,4992638821,3
2025-05-17 10:17:11,150954,4992638821,3
2025-05-17 10:17:17,143835,4992638821,3
2025-05-17 10:17:22,143835,4992638821,3
2025-05-17 10:17:28,143999,4992638821,3
2025-05-17 10:17:33,143999,4992638821,3
2025-05-17 10:17:39,140244,4992638821,3
2025-05-17 10:17:44,140776,4992638821,3
2025-05-17 10:17:50,140776,4992638821,3
2025-05-17 10:17:55,133060,4992638821,3
2025-05-17 10:18:01,133060,4992638821,3
2025-05-17 10:18:06,134842,4992638821,3
2025-05-17 10:18:12,134842,4992638821,3
2025-05-17 10:18:17,135816,4992638821,3
2025-05-17 10:18:23,135816,4992638821,3
2025-05-17 10:18:28,135566,4992638821,3
2025-05-17 10:18:34,135108,4992638821,3
2025-05-17 10:18:39,135108,4992638821,3
2025-05-17 10:18:45,137843,4992638821,3
2025-05-17 10:18:50,137843,4992638821,3
2025-05-17 10:18:56,138193,4992638821,3
2025-05-17 10:19:01,138193,4992638821,3
2025-05-17 10:19:07,138193,4992638821,3
2025-05-17 10:19:12,138193,4992638821,3
2025-05-17 10:19:18,116851,4992638821,3
2025-05-17 10:19:23,116851,4992638821,3
2025-05-17 10:19:29,118932,4992638821,3
2025-05-17 10:19:35,120175,4992638821,3
2025-05-17 10:19:40,120175,4992638821,3
2025-05-17 10:19:45,121905,4992638821,3
2025-05-17 10:19:52,121905,4992638821,3
2025-05-17 10:19:57,122688,4992638821,3
2025-05-17 10:20:03,122688,4992638821,3
2025-05-17 10:20:08,120600,4992638821,3
2025-05-17 10:20:14,124122,4992638821,3
2025-05-17 10:20:19,124122,4992638821,3
2025-05-17 10:20:25,127939,4992638821,3
2025-05-17 10:20:30,127939,4992638821,3
2025-05-17 10:20:36,117340,4992638821,3
2025-05-17 10:20:41,117340,4992638821,3
2025-05-17 10:20:47,117340,4992638821,3
2025-05-17 10:20:52,117340,4992638821,3
2025-05-17 10:20:58,121854,4992638821,3
2025-05-17 10:21:03,121854,4992638821,3
2025-05-17 10:21:09,108760,4992638821,3
2025-05-17 10:21:14,116315,4992638821,3
2025-05-17 10:21:20,116315,4992638821,3
2025-05-17 10:21:25,115018,4992638821,3
2025-05-17 10:21:31,115018,4992638821,3
2025-05-17 10:21:36,137440,4984164894,3
2025-05-17 10:21:42,137440,4984164894,3
2025-05-17 10:21:47,127487,4984164894,3
2025-05-17 10:21:53,127487,4984164894,3
2025-05-17 10:21:58,80677,4984164894,3
2025-05-17 10:22:04,80677,4984164894,3
2025-05-17 10:22:09,80677,4984164894,3
2025-05-17 10:22:15,84733,4984164894,3
2025-05-17 10:22:20,84733,4984164894,3
2025-05-17 10:22:26,86045,4984164894,3
2025-05-17 10:22:31,86045,4984164894,3
2025-05-17 10:22:37,98383,4984164894,3
2025-05-17 10:22:42,98383,4984164894,3
2025-05-17 10:22:48,94685,4984164894,3
2025-05-17 10:22:53,94685,4984164894,3
2025-05-17 10:22:59,91364,4984164894,3
2025-05-17 10:23:04,91364,4984164894,3
2025-05-17 10:23:10,91364,4984164894,3
2025-05-17 10:23:15,102047,4984164894,3
2025-05-17 10:23:21,102047,4984164894,3
2025-05-17 10:23:26,106577,4984164894,3
2025-05-17 10:23:32,106577,4984164894,3
2025-05-17 10:23:37,109237,4984164894,3
2025-05-17 10:23:44,109237,4984164894,3
2025-05-17 10:23:49,119082,4984164894,3
2025-05-17 10:23:55,136649,4984164894,3
2025-05-17 10:24:00,136649,4984164894,3
2025-05-17 10:24:06,453822,4968291799,3
2025-05-17 10:24:11,453822,4968291799,3
2025-05-17 10:24:17,453822,4968291799,3
2025-05-17 10:24:22,3488870,4968291799,3
2025-05-17 10:24:28,3488870,4968291799,3
2025-05-17 10:24:33,5686644,4968291799,3
2025-05-17 10:24:39,7683976,4968291799,3
2025-05-17 10:24:45,7683976,4968291799,3
2025-05-17 10:24:51,9625878,4972548965,3
2025-05-17 10:24:56,9625878,4972548965,3
2025-05-17 10:25:02,11342080,4972548965,3
2025-05-17 10:25:07,11342080,4972548965,3
2025-05-17 10:25:12,13027300,4972548965,3
2025-05-17 10:25:18,13027300,4972548965,3
2025-05-17 10:25:23,14529385,4967732389,3
2025-05-17 10:25:29,14529385,4967732389,3
2025-05-17 10:25:34,15905524,4967732389,3
2025-05-17 10:25:40,15905524,4967732389,3
2025-05-17 10:25:45,13040171,4967732389,3
2025-05-17 10:25:51,13040171,4967732389,3
2025-05-17 10:25:57,14447464,4967732389,3
2025-05-17 10:26:02,14447464,4967732389,3
2025-05-17 10:26:08,15400116,4967732389,3
2025-05-17 10:26:13,15400116,4967732389,3
2025-05-17 10:26:19,16624747,4967732389,3
2025-05-17 10:26:24,17752111,4967732389,3
2025-05-17 10:26:30,17752111,4967732389,3
2025-05-17 10:26:35,18875555,4967732389,3
2025-05-17 10:26:41,18875555,4967732389,3
2025-05-17 10:26:46,19894872,4967732389,3
2025-05-17 10:26:52,19894872,4967732389,3
2025-05-17 10:26:57,20843215,4967732389,3
2025-05-17 10:27:03,20843215,4967732389,3
2025-05-17 10:27:08,21686717,4967732389,3
2025-05-17 10:27:14,21686717,4967732389,3
2025-05-17 10:27:19,22458173,4967732389,3
2025-05-17 10:27:25,22458173,4967732389,3
2025-05-17 10:27:30,23327240,4978617216,3
2025-05-17 10:27:36,23327240,4978617216,3
2025-05-17 10:27:41,24213501,4978617216,3
2025-05-17 10:27:47,24213501,4978617216,3
2025-05-17 10:27:52,24878741,4978617216,3
2025-05-17 10:27:58,24878741,4978617216,3
2025-05-17 10:28:03,25379089,4978617216,3
2025-05-17 10:28:09,25379089,4978617216,3
2025-05-17 10:28:14,25881093,4978617216,3
2025-05-17 10:28:20,25881093,4978617216,3
2025-05-17 10:28:25,26592929,4978617216,3
2025-05-17 10:28:31,27260178,4978617216,3
2025-05-17 10:28:36,27260178,4978617216,3
2025-05-17 10:28:42,27886230,4978617216,3
2025-05-17 10:28:47,27886230,4978617216,3
2025-05-17 10:28:53,28412934,4978617216,3
2025-05-17 10:28:58,28412934,4978617216,3
2025-05-17 10:29:04,28930645,4978617216,3
2025-05-17 10:29:09,28930645,4978617216,3
2025-05-17 10:29:15,29400433,4978617216,3
2025-05-17 10:29:20,29400433,4978617216,3
2025-05-17 10:29:26,29838024,4978617216,3
2025-05-17 10:29:31,29838024,4978617216,3
2025-05-17 10:29:37,30239132,4978617216,3
2025-05-17 10:29:42,30239132,4978617216,3
2025-05-17 10:29:48,30451779,4978617216,3
2025-05-17 10:29:53,30584255,4978617216,3
2025-05-17 10:29:59,30584255,4978617216,3
2025-05-17 10:30:04,30901069,4978617216,3
2025-05-17 10:30:10,30901069,4978617216,3
2025-05-17 10:30:15,31208611,4978617216,3
2025-05-17 10:30:21,31208611,4978617216,3
2025-05-17 10:30:26,31496045,4978617216,3
2025-05-17 10:30:32,31496045,4978617216,3
2025-05-17 10:30:38,31760735,4981375837,3
2025-05-17 10:30:44,31760735,4981375837,3
2025-05-17 10:30:49,32012203,4978472616,3
2025-05-17 10:30:55,32012203,4978472616,3
2025-05-17 10:31:00,32251807,4978472616,3
2025-05-17 10:31:06,32251807,4978472616,3
2025-05-17 10:31:11,32478432,4978472616,3
2025-05-17 10:31:17,32478432,4978472616,3
2025-05-17 10:31:22,32668640,4978472616,3
2025-05-17 10:31:28,32809668,4978472616,3
2025-05-17 10:31:33,32809668,4978472616,3
2025-05-17 10:31:39,32968945,4978472616,3
2025-05-17 10:31:44,32968945,4978472616,3
2025-05-17 10:31:50,33026848,4978472616,3
2025-05-17 10:31:55,33026848,4978472616,3
2025-05-17 10:32:01,16162914,4978472616,3
2025-05-17 10:32:06,16162914,4978472616,3
2025-05-17 10:32:12,17377249,4978472616,3
2025-05-17 10:32:17,17377249,4978472616,3
2025-05-17 10:32:23,18525236,4978472616,3
2025-05-17 10:32:28,18525236,4978472616,3
2025-05-17 10:32:34,19524242,4978472616,3
2025-05-17 10:32:39,19524242,4978472616,3
2025-05-17 10:32:45,20453117,4978472616,3
2025-05-17 10:32:50,20453117,4978472616,3
2025-05-17 10:32:56,21363018,4978472616,3
2025-05-17 10:33:01,21363018,4978472616,3
2025-05-17 10:33:07,22119269,4978472616,3
2025-05-17 10:33:12,22119269,4978472616,3
2025-05-17 10:33:18,22840170,4975474014,3
2025-05-17 10:33:23,23760427,4970865715,3
2025-05-17 10:33:29,23760427,4970865715,3
2025-05-17 10:33:34,24063751,4969554373,3
2025-05-17 10:33:40,24063751,4969554373,3
2025-05-17 10:33:45,25080339,4969554373,3
2025-05-17 10:33:51,18938608,4969554373,3
2025-05-17 10:33:56,18938608,4969554373,3
2025-05-17 10:34:02,18938608,4969554373,3
2025-05-17 10:34:07,19519509,4969554373,3
2025-05-17 10:34:13,19519509,4969554373,3
2025-05-17 10:34:18,20397363,4969554373,3
2025-05-17 10:34:24,20397363,4969554373,3
2025-05-17 10:34:29,20554825,4969554373,3
2025-05-17 10:34:35,20554825,4969554373,3
2025-05-17 10:34:40,20990361,4969554373,3
2025-05-17 10:34:46,21712391,4969554373,3
2025-05-17 10:34:51,21712391,4969554373,3
2025-05-17 10:34:57,22000389,4969554373,3
2025-05-17 10:35:02,22000389,4969554373,3
2025-05-17 10:35:08,22930613,4969554373,3
2025-05-17 10:35:13,22930613,4969554373,3
2025-05-17 10:35:19,23588013,4969554373,3
2025-05-17 10:35:24,23588013,4969554373,3
2025-05-17 10:35:30,24189680,4969554373,3
2025-05-17 10:35:35,24189680,4969554373,3
2025-05-17 10:35:41,24732812,4969554373,3
2025-05-17 10:35:46,24732812,4969554373,3
2025-05-17 10:35:53,25280551,4969554373,3
2025-05-17 10:35:58,25280551,4969554373,3
2025-05-17 10:36:04,25728166,4955739199,3
2025-05-17 10:36:09,25728166,4955739199,3
2025-05-17 10:36:15,26340402,4964854427,3
2025-05-17 10:36:20,26340402,4964854427,3
2025-05-17 10:36:26,26542328,4964854427,3
2025-05-17 10:36:31,26542328,4964854427,3
2025-05-17 10:36:37,26886826,4964854427,3
2025-05-17 10:36:42,26886826,4964854427,3
2025-05-17 10:36:48,27249485,4964854427,3
2025-05-17 10:36:53,19135755,4964854427,3
2025-05-17 10:36:59,19135755,4964854427,3
2025-05-17 10:37:04,20234547,4964854427,3
2025-05-17 10:37:10,20234547,4964854427,3
2025-05-17 10:37:16,21188653,4964854427,3
2025-05-17 10:37:22,21188653,4964854427,3
2025-05-17 10:37:27,22215280,4964854427,3
2025-05-17 10:37:33,22215280,4964854427,3
2025-05-17 10:37:38,22923449,4964854427,3
2025-05-17 10:37:44,22923449,4964854427,3
2025-05-17 10:37:49,23574035,4964854427,3
2025-05-17 10:37:55,23574035,4964854427,3
2025-05-17 10:38:00,24213057,4964854427,3
2025-05-17 10:38:06,24736975,4964854427,3
2025-05-17 10:38:11,24736975,4964854427,3
2025-05-17 10:38:17,25233601,4964854427,3
2025-05-17 10:38:22,25233601,4964854427,3
2025-05-17 10:38:29,25705722,4964977924,3
2025-05-17 10:38:34,25705722,4964977924,3
2025-05-17 10:38:40,26143831,4964977924,3
2025-05-17 10:38:45,26143831,4964977924,3
2025-05-17 10:38:51,26532285,4964977924,3
2025-05-17 10:38:56,26532285,4964977924,3
2025-05-17 10:39:02,26877960,4964977924,3
2025-05-17 10:39:07,26877960,4964977924,3
2025-05-17 10:39:13,27184954,4964977924,3
2025-05-17 10:39:18,27184954,4964977924,3
2025-05-17 10:39:24,27488514,4964977924,3
2025-05-17 10:39:29,27488514,4964977924,3
2025-05-17 10:39:35,27779690,4964977924,3
2025-05-17 10:39:40,27779690,4964977924,3
2025-05-17 10:39:47,28038563,4964977924,3
2025-05-17 10:39:52,28453801,4964977924,3
2025-05-17 10:39:58,28453801,4964977924,3
2025-05-17 10:40:03,28807635,4964977924,3
2025-05-17 10:40:09,28807635,4964977924,3
2025-05-17 10:40:14,28738829,4964977924,3
2025-05-17 10:40:20,28738829,4964977924,3
2025-05-17 10:40:25,28928971,4983517327,3
2025-05-17 10:40:31,28928971,4983517327,3
2025-05-17 10:40:36,29231629,4978051478,3
2025-05-17 10:40:42,29231629,4978051478,3
2025-05-17 10:40:47,30080372,4978051478,3
2025-05-17 10:40:53,29757786,4978051478,3
2025-05-17 10:40:58,29757786,4978051478,3
2025-05-17 10:41:04,29634327,4978051478,3
2025-05-17 10:41:09,29634327,4978051478,3
2025-05-17 10:41:15,28550088,4978051478,3
2025-05-17 10:41:20,28550088,4978051478,3
2025-05-17 10:41:26,27269641,4978051478,3
2025-05-17 10:41:32,26881427,4978051478,3
2025-05-17 10:41:38,26881427,4978051478,3
2025-05-17 10:41:43,25689319,4978051478,3
2025-05-17 10:41:49,25689319,4978051478,3
2025-05-17 10:41:54,25605672,4978051478,3
2025-05-17 10:42:00,25605672,4978051478,3
2025-05-17 10:42:05,25082887,4978051478,3
2025-05-17 10:42:11,25082887,4978051478,3
2025-05-17 10:42:16,24519522,4978051478,3
2025-05-17 10:42:22,24175666,4978051478,3
2025-05-17 10:42:27,24175666,4978051478,3
2025-05-17 10:42:33,23977552,4978051478,3
2025-05-17 10:42:38,23977552,4978051478,3
2025-05-17 10:42:44,22818663,4978051478,3
2025-05-17 10:42:49,22818663,4978051478,3
2025-05-17 10:42:55,22516451,4978051478,3
2025-05-17 10:43:00,22516451,4978051478,3
2025-05-17 10:43:06,13811195,4978051478,3
2025-05-17 10:43:11,13727439,4978051478,3
2025-05-17 10:43:17,13727439,4978051478,3
2025-05-17 10:43:22,5019595,4978051478,3
2025-05-17 10:43:29,5019595,4978051478,3
2025-05-17 10:43:34,4516609,4978051478,3
2025-05-17 10:43:39,4516609,4978051478,3
2025-05-17 10:43:45,4516609,4978051478,3
2025-05-17 10:43:51,4516609,4978051478,3
2025-05-17 10:43:56,4255837,4978051478,3
2025-05-17 10:44:01,4258429,4978051478,3
2025-05-17 10:44:07,4258429,4978051478,3
2025-05-17 10:44:13,4258044,4978051478,3
2025-05-17 10:44:18,4258044,4978051478,3
2025-05-17 10:44:24,3239171,4978051478,3
2025-05-17 10:44:29,3239171,4978051478,3
2025-05-17 10:44:35,3194245,4978051478,3
2025-05-17 10:44:40,3194245,4978051478,3
2025-05-17 10:44:46,3139045,4978051478,3
2025-05-17 10:44:51,3139045,4978051478,3
2025-05-17 10:44:57,2720327,4978051478,3
2025-05-17 10:45:02,2610627,4978051478,3
2025-05-17 10:45:08,2610627,4978051478,3
2025-05-17 10:45:13,2611383,4978051478,3
2025-05-17 10:45:19,2611383,4978051478,3
2025-05-17 10:45:24,2440842,4978051478,3
2025-05-17 10:45:30,2440842,4978051478,3
2025-05-17 10:45:35,2441997,4978051478,3
2025-05-17 10:45:41,2441997,4978051478,3
2025-05-17 10:45:46,2443650,4978051478,3
2025-05-17 10:45:52,2034525,4978051478,3
2025-05-17 10:45:57,2034525,4978051478,3
2025-05-17 10:46:03,2034525,4978051478,3
2025-05-17 10:46:08,2034525,4978051478,3
2025-05-17 10:46:14,1799588,4978051478,3
2025-05-17 10:46:19,1799588,4978051478,3
2025-05-17 10:46:25,1580086,4978051478,3
2025-05-17 10:46:30,1580086,4978051478,3
2025-05-17 10:46:36,1487108,4978051478,3
2025-05-17 10:46:41,1418496,4977868743,3
2025-05-17 10:46:47,1418496,4977868743,3
2025-05-17 10:46:53,1416993,4977868743,3
2025-05-17 10:46:58,1416993,4977868743,3
2025-05-17 10:47:04,614382,4977868743,3
2025-05-17 10:47:10,614382,4977868743,3
2025-05-17 10:47:15,614382,4977868743,3
2025-05-17 10:47:20,614382,4977868743,3
2025-05-17 10:47:26,466149,4977868743,3
2025-05-17 10:47:31,432876,4977868743,3
2025-05-17 10:47:36,432876,4977868743,3
2025-05-17 10:47:43,418356,4977868743,3
2025-05-17 10:47:48,418356,4977868743,3
2025-05-17 10:47:54,420653,4977868743,3
2025-05-17 10:47:59,420653,4977868743,3
2025-05-17 10:48:05,420653,4977868743,3
2025-05-17 10:48:10,420653,4977868743,3
2025-05-17 10:48:16,342457,4977868743,3
2025-05-17 10:48:21,342457,4977868743,3
2025-05-17 10:48:27,358206,4977868743,3
2025-05-17 10:48:32,344313,4977868743,3
2025-05-17 10:48:38,344313,4977868743,3
2025-05-17 10:48:43,348671,4977868743,3
2025-05-17 10:48:49,348671,4977868743,3
2025-05-17 10:48:54,304737,4977868743,3
2025-05-17 10:49:00,304737,4977868743,3
2025-05-17 10:49:05,300267,4977868743,3
2025-05-17 10:49:11,300267,4977868743,3
2025-05-17 10:49:16,299592,4977868743,3
2025-05-17 10:49:22,271198,4977278326,3
2025-05-17 10:49:27,271198,4977278326,3
2025-05-17 10:49:33,260325,4968475025,3
2025-05-17 10:49:38,260325,4968475025,3
2025-05-17 10:49:44,254600,4968475025,3
2025-05-17 10:49:49,254600,4968475025,3
2025-05-17 10:49:55,254600,4968475025,3
2025-05-17 10:50:00,254600,4968475025,3
2025-05-17 10:50:07,254600,4968475025,3
2025-05-17 10:50:12,256600,4968475025,3
2025-05-17 10:50:18,256600,4968475025,3
2025-05-17 10:50:23,222167,4968475025,3
2025-05-17 10:50:29,222167,4968475025,3
2025-05-17 10:50:34,214010,4968475025,3
2025-05-17 10:50:40,214010,4968475025,3
2025-05-17 10:50:45,211066,4968475025,3
2025-05-17 10:50:51,211066,4968475025,3
2025-05-17 10:50:56,216199,4968475025,3
2025-05-17 10:51:02,228903,4968475025,3
2025-05-17 10:51:07,228903,4968475025,3
2025-05-17 10:51:13,231229,4968475025,3
2025-05-17 10:51:18,231229,4968475025,3
2025-05-17 10:51:24,231229,4968475025,3
2025-05-17 10:51:29,231229,4968475025,3
2025-05-17 10:51:35,186672,4968475025,3
2025-05-17 10:51:40,186672,4968475025,3
2025-05-17 10:51:46,186672,4968475025,3
2025-05-17 10:51:51,186672,4968475025,3
2025-05-17 10:51:57,186672,4968475025,3
2025-05-17 10:52:02,82640,4968475025,3
2025-05-17 10:52:08,82640,4968475025,3
2025-05-17 10:52:13,92104,4968475025,3
2025-05-17 10:52:19,92104,4968475025,3
2025-05-17 10:52:24,92330,4968475025,3
2025-05-17 10:52:30,92330,4968475025,3
2025-05-17 10:52:35,102911,4968475025,3
2025-05-17 10:52:41,102911,4968475025,3
2025-05-17 10:52:46,104748,4968475025,3
2025-05-17 10:52:52,107492,4968475025,3
2025-05-17 10:52:57,107492,4968475025,3
2025-05-17 10:53:03,99467,4971611757,3
2025-05-17 10:53:08,99467,4971611757,3
2025-05-17 10:53:14,99467,4971611757,3
2025-05-17 10:53:20,99467,4971611757,3
2025-05-17 10:53:25,104981,4971611757,3
2025-05-17 10:53:31,104981,4971611757,3
2025-05-17 10:53:37,111330,4971611757,3
2025-05-17 10:53:42,113397,4971611757,3
2025-05-17 10:53:48,113397,4971611757,3
2025-05-17 10:53:53,113397,4971611757,3
2025-05-17 10:53:59,113397,4971611757,3
2025-05-17 10:54:04,123425,4971611757,3
2025-05-17 10:54:10,123425,4971611757,3
2025-05-17 10:54:15,125858,4971611757,3
2025-05-17 10:54:21,125858,4971611757,3
2025-05-17 10:54:26,135072,4971611757,3
2025-05-17 10:54:32,141919,4971611757,3
2025-05-17 10:54:37,141919,4971611757,3
2025-05-17 10:54:43,142468,4971611757,3
2025-05-17 10:54:48,142468,4971611757,3
2025-05-17 10:54:54,144719,4971611757,3
2025-05-17 10:54:59,144719,4971611757,3
2025-05-17 10:55:05,132881,4971611757,3
2025-05-17 10:55:10,132881,4971611757,3
2025-05-17 10:55:16,142045,4971611757,3
2025-05-17 10:55:21,142045,4971611757,3
2025-05-17 10:55:28,142403,4971611757,3
2025-05-17 10:55:33,149663,4971611757,3
2025-05-17 10:55:39,149663,4971611757,3
2025-05-17 10:55:44,144103,4971611757,3
2025-05-17 10:55:50,144103,4971611757,3
2025-05-17 10:55:55,142709,4971611757,3
2025-05-17 10:56:01,142709,4971611757,3
2025-05-17 10:56:06,144480,4971611757,3
2025-05-17 10:56:12,151872,4971611757,3
2025-05-17 10:56:17,151872,4971611757,3
2025-05-17 10:56:23,117183,4971611757,3
2025-05-17 10:56:28,117183,4971611757,3
2025-05-17 10:56:34,125770,4971611757,3
2025-05-17 10:56:39,125770,4971611757,3
2025-05-17 10:56:45,125770,4971611757,3
2025-05-17 10:56:50,2568497,4971611757,3
2025-05-17 10:56:56,2568497,4971611757,3
2025-05-17 10:57:01,5202463,4971611757,3
2025-05-17 10:57:07,5202463,4971611757,3
2025-05-17 10:57:12,7397640,4971611757,3
2025-05-17 10:57:18,9106499,4965242345,3
2025-05-17 10:57:23,9106499,4965242345,3
2025-05-17 10:57:29,11029314,4965242345,3
2025-05-17 10:57:34,11029314,4965242345,3
2025-05-17 10:57:40,12668530,4965242345,3
2025-05-17 10:57:45,12668530,4965242345,3
2025-05-17 10:57:51,14210411,4965242345,3
2025-05-17 10:57:56,14210411,4965242345,3
2025-05-17 10:58:02,15527155,4965242345,3
2025-05-17 10:58:07,15527155,4965242345,3
2025-05-17 10:58:13,16818569,4965242345,3
2025-05-17 10:58:18,16818569,4965242345,3
2025-05-17 10:58:24,17967321,4963307070,3
2025-05-17 10:58:30,17967321,4963307070,3
2025-05-17 10:58:35,19488749,4963307070,3
2025-05-17 10:58:40,19488749,4963307070,3
2025-05-17 10:58:46,20707703,4963307070,3
2025-05-17 10:58:52,16880750,4963307070,3
2025-05-17 10:58:57,16880750,4963307070,3
2025-05-17 10:59:03,18379355,4963307070,3
2025-05-17 10:59:08,18379355,4963307070,3
2025-05-17 10:59:14,19601962,4963307070,3
2025-05-17 10:59:20,19601962,4963307070,3
2025-05-17 10:59:25,20484168,4963307070,3
2025-05-17 10:59:31,20484168,4963307070,3
2025-05-17 10:59:36,21605699,4963307070,3
2025-05-17 10:59:42,21605699,4963307070,3
2025-05-17 10:59:47,22629285,4963307070,3
2025-05-17 10:59:53,22629285,4963307070,3
2025-05-17 10:59:58,23601321,4963307070,3
2025-05-17 11:00:04,23601321,4963307070,3
2025-05-17 11:00:09,24547863,4963307070,3
2025-05-17 11:00:15,24547863,4963307070,3
2025-05-17 11:00:20,25404056,4963307070,3
2025-05-17 11:00:26,26225716,4967170080,3
2025-05-17 11:00:31,26225716,4967170080,3
2025-05-17 11:00:37,26864572,4967170080,3
2025-05-17 11:00:42,26864572,4967170080,3
2025-05-17 11:00:48,27363927,4969398922,3
2025-05-17 11:00:53,27363927,4969398922,3
2025-05-17 11:00:59,27644983,4969398922,3
2025-05-17 11:01:04,27644983,4969398922,3
2025-05-17 11:01:10,28051792,4969398922,3
2025-05-17 11:01:15,28051792,4969398922,3
2025-05-17 11:01:21,28588649,4969398922,3
2025-05-17 11:01:26,28588649,4969398922,3
2025-05-17 11:01:32,29054861,4969398922,3
2025-05-17 11:01:37,29511802,4969398922,3
2025-05-17 11:01:43,29511802,4969398922,3
2025-05-17 11:01:48,29958613,4969398922,3
2025-05-17 11:01:54,29958613,4969398922,3
2025-05-17 11:01:59,30325329,4969398922,3
2025-05-17 11:02:05,30325329,4969398922,3
2025-05-17 11:02:10,15716259,4969398922,3
2025-05-17 11:02:16,15716259,4969398922,3
2025-05-17 11:02:21,17392430,4969398922,3
2025-05-17 11:02:27,17392430,4969398922,3
2025-05-17 11:02:32,18778479,4969398922,3
2025-05-17 11:02:38,18778479,4969398922,3
2025-05-17 11:02:43,20104737,4969398922,3
2025-05-17 11:02:49,20104737,4969398922,3
2025-05-17 11:02:54,21319013,4969398922,3
2025-05-17 11:03:00,21319013,4969398922,3
2025-05-17 11:03:05,22456020,4969398922,3
2025-05-17 11:03:11,22456020,4969398922,3
2025-05-17 11:03:16,23403499,4969398922,3
2025-05-17 11:03:22,23403499,4969398922,3
2025-05-17 11:03:27,24317558,4969398922,3
2025-05-17 11:03:33,25212082,4969398922,3
2025-05-17 11:03:38,25212082,4969398922,3
2025-05-17 11:03:44,25922909,4969398922,3
2025-05-17 11:03:49,25922909,4969398922,3
2025-05-17 11:03:55,26416453,4969398922,3
2025-05-17 11:04:00,26416453,4969398922,3
2025-05-17 11:04:07,27060046,4969398922,3
2025-05-17 11:04:12,27060046,4969398922,3
2025-05-17 11:04:18,27769423,4969398922,3
2025-05-17 11:04:23,27769423,4969398922,3
2025-05-17 11:04:29,28320185,4969398922,3
2025-05-17 11:04:34,28320185,4969398922,3
2025-05-17 11:04:40,28763200,4969398922,3
2025-05-17 11:04:45,28763200,4969398922,3
2025-05-17 11:04:51,29112183,4969398922,3
2025-05-17 11:04:56,21337846,4969398922,3
2025-05-17 11:05:02,21337846,4969398922,3
2025-05-17 11:05:07,21735903,4969398922,3
2025-05-17 11:05:13,21735903,4969398922,3
2025-05-17 11:05:18,22905755,4969398922,3
2025-05-17 11:05:24,22905755,4969398922,3
2025-05-17 11:05:29,23559595,4969398922,3
2025-05-17 11:05:35,23559595,4969398922,3
2025-05-17 11:05:40,24522614,4969398922,3
2025-05-17 11:05:46,24522614,4969398922,3
2025-05-17 11:05:51,25442636,4969398922,3
2025-05-17 11:05:57,25442636,4969398922,3
2025-05-17 11:06:02,26154023,4969398922,3
2025-05-17 11:06:08,26154023,4969398922,3
2025-05-17 11:06:13,26953382,4969398922,3
2025-05-17 11:06:19,27587998,4953230948,3
2025-05-17 11:06:24,27587998,4953230948,3
2025-05-17 11:06:30,27587998,4953230948,3
2025-05-17 11:06:36,27909203,4953230948,3
2025-05-17 11:06:42,28461250,4953230948,3
2025-05-17 11:06:47,28461250,4953230948,3
2025-05-17 11:06:53,29004497,4953230948,3
2025-05-17 11:06:58,29004497,4953230948,3
2025-05-17 11:07:04,20576435,4953230948,3
2025-05-17 11:07:09,20576435,4953230948,3
2025-05-17 11:07:15,21870838,4953230948,3
2025-05-17 11:07:20,21870838,4953230948,3
2025-05-17 11:07:26,16887928,4953230948,3
2025-05-17 11:07:31,16887928,4953230948,3
2025-05-17 11:07:37,18679698,4953230948,3
2025-05-17 11:07:42,18679698,4953230948,3
2025-05-17 11:07:48,19981712,4953230948,3
2025-05-17 11:07:53,19981712,4953230948,3
2025-05-17 11:07:59,21252182,4953230948,3
2025-05-17 11:08:04,21252182,4953230948,3
2025-05-17 11:08:10,22353336,4953230948,3
2025-05-17 11:08:15,22353336,4953230948,3
2025-05-17 11:08:21,23428296,4953230948,3
2025-05-17 11:08:26,23428296,4953230948,3
2025-05-17 11:08:32,24356777,4953230948,3
2025-05-17 11:08:37,25175058,4953230948,3
2025-05-17 11:08:44,25175058,4953230948,3
2025-05-17 11:08:49,25883607,4952944988,3
2025-05-17 11:08:55,25883607,4952944988,3
2025-05-17 11:09:00,26740316,4952944988,3
2025-05-17 11:09:06,26740316,4952944988,3
2025-05-17 11:09:11,27385761,4952944988,3
2025-05-17 11:09:17,27385761,4952944988,3
2025-05-17 11:09:22,27869586,4952944988,3
2025-05-17 11:09:28,27869586,4952944988,3
2025-05-17 11:09:33,28519161,4952944988,3
2025-05-17 11:09:39,29043413,4952944988,3
2025-05-17 11:09:44,29043413,4952944988,3
2025-05-17 11:09:50,29558115,4952944988,3
2025-05-17 11:09:55,29558115,4952944988,3
2025-05-17 11:10:01,29990863,4952944988,3
2025-05-17 11:10:06,29990863,4952944988,3
2025-05-17 11:10:12,30392334,4952944988,3
2025-05-17 11:10:17,30392334,4952944988,3
2025-05-17 11:10:23,30758383,4954917192,3
2025-05-17 11:10:29,30758383,4954917192,3
2025-05-17 11:10:35,31075140,4954917192,3
2025-05-17 11:10:40,31075140,4954917192,3
2025-05-17 11:10:46,31393134,4954917192,3
2025-05-17 11:10:51,31393134,4954917192,3
2025-05-17 11:10:57,31652371,4954917192,3
2025-05-17 11:11:02,31652371,4954917192,3
2025-05-17 11:11:08,31877311,4954917192,3
2025-05-17 11:11:13,32293313,4956011923,3
2025-05-17 11:11:19,32293313,4956011923,3
2025-05-17 11:11:24,32293313,4956011923,3
2025-05-17 11:11:30,32310643,4956011923,3
2025-05-17 11:11:35,32523767,4956011923,3
2025-05-17 11:11:41,32523767,4956011923,3
2025-05-17 11:11:46,24954630,4956011923,3
2025-05-17 11:11:52,24954630,4956011923,3
2025-05-17 11:11:57,25732613,4956011923,3
2025-05-17 11:12:03,25732613,4956011923,3
2025-05-17 11:12:08,26521108,4956011923,3
2025-05-17 11:12:15,26521108,4956011923,3
2025-05-17 11:12:20,26982930,4956011923,3
2025-05-17 11:12:26,26982930,4956011923,3
2025-05-17 11:12:31,27329141,4956011923,3
2025-05-17 11:12:37,27329141,4956011923,3
2025-05-17 11:12:42,27633204,4956011923,3
2025-05-17 11:12:48,27633204,4956011923,3
2025-05-17 11:12:53,28186719,4956011923,3
2025-05-17 11:12:59,28699142,4956011923,3
2025-05-17 11:13:04,28699142,4956011923,3
2025-05-17 11:13:10,29400441,4956011923,3
2025-05-17 11:13:15,29400441,4956011923,3
2025-05-17 11:13:21,29342285,4956011923,3
2025-05-17 11:13:26,29342285,4956011923,3
2025-05-17 11:13:32,27715933,4956011923,3
2025-05-17 11:13:37,26856114,4956011923,3
2025-05-17 11:13:43,26856114,4956011923,3
2025-05-17 11:13:48,25645535,4956011923,3
2025-05-17 11:13:54,25645535,4956011923,3
2025-05-17 11:13:59,24378058,4956011923,3
2025-05-17 11:14:06,24378058,4956011923,3
2025-05-17 11:14:11,23549588,4956011923,3
2025-05-17 11:14:17,21498040,4956011923,3
2025-05-17 11:14:22,21498040,4956011923,3
2025-05-17 11:14:28,20812164,4956011923,3
2025-05-17 11:14:33,20812164,4956011923,3
2025-05-17 11:14:39,20462202,4956011923,3
2025-05-17 11:14:44,20462202,4956011923,3
2025-05-17 11:14:50,20136605,4956011923,3
2025-05-17 11:14:55,20136605,4956011923,3
2025-05-17 11:15:01,18868525,4956011923,3
2025-05-17 11:15:06,18868525,4956011923,3
2025-05-17 11:15:12,17826611,4956011923,3
2025-05-17 11:15:17,17427148,4956011923,3
2025-05-17 11:15:23,17427148,4956011923,3
2025-05-17 11:15:28,17154293,4956011923,3
2025-05-17 11:15:34,17154293,4956011923,3
2025-05-17 11:15:39,8913829,4956011923,3
2025-05-17 11:15:45,8913829,4956011923,3
2025-05-17 11:15:50,8012318,4956011923,3
2025-05-17 11:15:57,7802623,4956011923,3
2025-05-17 11:16:02,7802623,4956011923,3
2025-05-17 11:16:08,7657509,4956011923,3
2025-05-17 11:16:13,7657509,4956011923,3
2025-05-17 11:16:19,7539277,4956011923,3
2025-05-17 11:16:24,7539277,4956011923,3
2025-05-17 11:16:30,7538858,4956011923,3
2025-05-17 11:16:35,7538858,4956011923,3
2025-05-17 11:16:41,5528502,4956011923,3
2025-05-17 11:16:46,5528502,4956011923,3
2025-05-17 11:16:52,5334085,4956011923,3
2025-05-17 11:16:57,5236207,4948027434,3
2025-05-17 11:17:03,5236207,4948027434,3
2025-05-17 11:17:08,2881543,4948027434,3
2025-05-17 11:17:14,2881543,4948027434,3
2025-05-17 11:17:19,2881543,4948027434,3
2025-05-17 11:17:25,2881543,4948027434,3
2025-05-17 11:17:31,2881543,4948027434,3
2025-05-17 11:17:37,2881543,4948027434,3
2025-05-17 11:17:42,2881543,4948027434,3
2025-05-17 11:17:48,2546204,4948027434,3
2025-05-17 11:17:53,2546204,4948027434,3
2025-05-17 11:17:59,2514268,4951639894,3
2025-05-17 11:18:04,2514268,4951639894,3
2025-05-17 11:18:10,1957918,4951639894,3
2025-05-17 11:18:15,1957918,4951639894,3
2025-05-17 11:18:21,1957918,4951639894,3
2025-05-17 11:18:26,1957918,4951639894,3
2025-05-17 11:18:32,1780119,4951639894,3
2025-05-17 11:18:37,1780119,4951639894,3
2025-05-17 11:18:43,1780119,4951639894,3
2025-05-17 11:18:48,1476952,4951639894,3
2025-05-17 11:18:54,1476952,4951639894,3
2025-05-17 11:18:59,1415504,4951639894,3
2025-05-17 11:19:05,1415504,4951639894,3
2025-05-17 11:19:10,1273979,4951639894,3
2025-05-17 11:19:16,1273979,4951639894,3
2025-05-17 11:19:21,1230337,4951639894,3
2025-05-17 11:19:27,1220484,4951639894,3
2025-05-17 11:19:32,1220484,4951639894,3
2025-05-17 11:19:38,1224215,4951639894,3
2025-05-17 11:19:43,1224215,4951639894,3
2025-05-17 11:19:49,1167463,4951639894,3
2025-05-17 11:19:54,1167463,4951639894,3
2025-05-17 11:20:00,1117675,4951639894,3
2025-05-17 11:20:05,1117675,4951639894,3
2025-05-17 11:20:11,1127641,4951639894,3
2025-05-17 11:20:17,1127641,4951639894,3
2025-05-17 11:20:22,1069310,4951639894,3
2025-05-17 11:20:28,1063666,4951639894,3
2025-05-17 11:20:34,1063666,4951639894,3
2025-05-17 11:20:39,1036749,4951639894,3
2025-05-17 11:20:45,1036749,4951639894,3
2025-05-17 11:20:50,1036749,4951639894,3
2025-05-17 11:20:56,1036749,4951639894,3
2025-05-17 11:21:01,1036749,4951639894,3
2025-05-17 11:21:07,809293,4951639894,3
2025-05-17 11:21:12,809293,4951639894,3
2025-05-17 11:21:18,731791,4951639894,3
2025-05-17 11:21:23,731791,4951639894,3
2025-05-17 11:21:29,685063,4951639894,3
2025-05-17 11:21:34,685063,4951639894,3
2025-05-17 11:21:40,642339,4951639894,3
2025-05-17 11:21:45,642339,4951639894,3
2025-05-17 11:21:51,610010,4951639894,3
2025-05-17 11:21:56,610010,4951639894,3
2025-05-17 11:22:02,612964,4951639894,3
2025-05-17 11:22:07,315544,4951639894,3
2025-05-17 11:22:14,315544,4951639894,3
2025-05-17 11:22:19,300999,4951639894,3
2025-05-17 11:22:25,300999,4951639894,3
2025-05-17 11:22:30,304908,4951639894,3
2025-05-17 11:22:36,304908,4951639894,3
2025-05-17 11:22:41,305744,4951639894,3
2025-05-17 11:22:47,305744,4951639894,3
2025-05-17 11:22:52,305744,4951639894,3
2025-05-17 11:22:58,297539,4951639894,3
2025-05-17 11:23:03,297539,4951639894,3
2025-05-17 11:23:09,294570,4951639894,3
2025-05-17 11:23:14,294570,4951639894,3
2025-05-17 11:23:20,294570,4951639894,3
2025-05-17 11:23:25,294570,4951639894,3
2025-05-17 11:23:31,296306,4951639894,3
2025-05-17 11:23:37,296306,4951639894,3
2025-05-17 11:23:43,291868,4951639894,3
2025-05-17 11:23:48,298885,4951639894,3
2025-05-17 11:23:54,298885,4951639894,3
2025-05-17 11:23:59,302026,4951639894,3
2025-05-17 11:24:05,302026,4951639894,3
2025-05-17 11:24:10,222448,4951639894,3
2025-05-17 11:24:16,222448,4951639894,3
2025-05-17 11:24:21,221071,4951639894,3
2025-05-17 11:24:27,228102,4951639894,3
2025-05-17 11:24:33,228102,4951639894,3
2025-05-17 11:24:38,231379,4941065256,3
2025-05-17 11:24:44,231379,4941065256,3
2025-05-17 11:24:50,200693,4941065256,3
2025-05-17 11:24:55,200693,4941065256,3
2025-05-17 11:25:01,208746,4941065256,3
2025-05-17 11:25:06,208746,4941065256,3
2025-05-17 11:25:12,221671,4941065256,3
2025-05-17 11:25:17,242956,4941065256,3
2025-05-17 11:25:23,242956,4941065256,3
2025-05-17 11:25:28,222470,4941065256,3
2025-05-17 11:25:34,222470,4941065256,3
2025-05-17 11:25:39,189585,4941065256,3
2025-05-17 11:25:45,189585,4941065256,3
2025-05-17 11:25:50,192202,4941065256,3
2025-05-17 11:25:56,192202,4941065256,3
2025-05-17 11:26:01,203599,4941065256,3
2025-05-17 11:26:07,206544,4941065256,3
2025-05-17 11:26:12,206544,4941065256,3
2025-05-17 11:26:18,215016,4950695683,3
2025-05-17 11:26:23,215016,4950695683,3
2025-05-17 11:26:29,217387,4949395232,3
2025-05-17 11:26:34,217387,4949395232,3
2025-05-17 11:26:40,224138,4949395232,3
2025-05-17 11:26:45,224138,4949395232,3
2025-05-17 11:26:51,131679,4949395232,3
2025-05-17 11:26:56,131679,4949395232,3
2025-05-17 11:27:02,140276,4949395232,3
2025-05-17 11:27:07,126677,4949395232,3
2025-05-17 11:27:13,126677,4949395232,3
2025-05-17 11:27:19,127973,4949395232,3
2025-05-17 11:27:24,127973,4949395232,3
2025-05-17 11:27:30,127973,4949395232,3
2025-05-17 11:27:36,127973,4949395232,3
2025-05-17 11:27:41,127973,4949395232,3
2025-05-17 11:27:47,114073,4949395232,3
2025-05-17 11:27:52,114073,4949395232,3
2025-05-17 11:27:58,114073,4949395232,3
2025-05-17 11:28:03,114073,4949395232,3
2025-05-17 11:28:09,114040,4949395232,3
2025-05-17 11:28:14,114040,4949395232,3
2025-05-17 11:28:20,111984,4949395232,3
2025-05-17 11:28:25,111984,4949395232,3
2025-05-17 11:28:31,111453,4949395232,3
2025-05-17 11:28:36,111453,4949395232,3
2025-05-17 11:28:42,109686,4949395232,3
2025-05-17 11:28:47,134853,4949395232,3
2025-05-17 11:28:53,134853,4949395232,3
2025-05-17 11:28:58,145230,4949395232,3
2025-05-17 11:29:04,145230,4949395232,3
2025-05-17 11:29:09,153506,4949395232,3
2025-05-17 11:29:15,153506,4949395232,3
2025-05-17 11:29:21,157802,4949395232,3
2025-05-17 11:29:27,157802,4949395232,3
2025-05-17 11:29:32,642440,4949395232,3
2025-05-17 11:29:38,642440,4949395232,3
2025-05-17 11:29:43,3555994,4949395232,3
2025-05-17 11:29:49,3555994,4949395232,3
2025-05-17 11:29:54,6196356,4949395232,3
2025-05-17 11:30:00,6196356,4949395232,3
2025-05-17 11:30:05,8434780,4949395232,3
2025-05-17 11:30:11,8434780,4949395232,3
2025-05-17 11:30:16,10621078,4949395232,3
2025-05-17 11:30:23,12551657,4949395232,3
2025-05-17 11:30:28,12551657,4949395232,3
2025-05-17 11:30:34,14326407,4949395232,3
2025-05-17 11:30:39,14326407,4949395232,3
2025-05-17 11:30:45,16005940,4949395232,3
2025-05-17 11:30:50,16005940,4949395232,3
2025-05-17 11:30:56,17579803,4949395232,3
2025-05-17 11:31:01,17579803,4949395232,3
2025-05-17 11:31:07,19031035,4949395232,3
2025-05-17 11:31:12,19031035,4949395232,3
2025-05-17 11:31:18,20303915,4932915215,3
2025-05-17 11:31:23,20303915,4932915215,3
2025-05-17 11:31:29,21432468,4932915215,3
2025-05-17 11:31:34,22562764,4934254572,3
2025-05-17 11:31:40,22562764,4934254572,3
2025-05-17 11:31:45,23601017,4934254572,3
2025-05-17 11:31:51,23601017,4934254572,3
2025-05-17 11:31:56,24507177,4935179705,3
2025-05-17 11:32:02,24507177,4935179705,3
2025-05-17 11:32:07,25346530,4935179705,3
2025-05-17 11:32:13,25346530,4935179705,3
2025-05-17 11:32:18,15249912,4935179705,3
2025-05-17 11:32:24,15249912,4935179705,3
2025-05-17 11:32:29,9324318,4935179705,3
2025-05-17 11:32:35,9324318,4935179705,3
2025-05-17 11:32:40,10741003,4935179705,3
2025-05-17 11:32:46,10741003,4935179705,3
2025-05-17 11:32:51,12328010,4935179705,3
2025-05-17 11:32:58,12993245,4935179705,3
2025-05-17 11:33:03,12993245,4935179705,3
2025-05-17 11:33:09,12993245,4935179705,3
2025-05-17 11:33:14,15325858,4935179705,3
2025-05-17 11:33:20,16873305,4935179705,3
2025-05-17 11:33:25,16873305,4935179705,3
2025-05-17 11:33:31,18221122,4935323603,3
2025-05-17 11:33:36,18221122,4935323603,3
2025-05-17 11:33:42,19765064,4935323603,3
2025-05-17 11:33:47,19765064,4935323603,3
2025-05-17 11:33:53,20990207,4935323603,3
2025-05-17 11:33:58,20990207,4935323603,3
2025-05-17 11:34:04,22152939,4935323603,3
2025-05-17 11:34:09,22152939,4935323603,3
2025-05-17 11:34:15,23124232,4935323603,3
2025-05-17 11:34:20,23124232,4935323603,3
2025-05-17 11:34:26,24184864,4935323603,3
2025-05-17 11:34:31,24184864,4935323603,3
2025-05-17 11:34:37,25057560,4935323603,3
2025-05-17 11:34:42,25057560,4935323603,3
2025-05-17 11:34:48,25890214,4935323603,3
2025-05-17 11:34:53,25890214,4935323603,3
2025-05-17 11:35:00,26645705,4935323603,3
2025-05-17 11:35:05,26645705,4935323603,3
2025-05-17 11:35:11,27298367,4935323603,3
2025-05-17 11:35:16,27885791,4935323603,3
2025-05-17 11:35:22,27885791,4935323603,3
2025-05-17 11:35:27,28407396,4935323603,3
2025-05-17 11:35:33,28407396,4935323603,3
2025-05-17 11:35:38,28992600,4935323603,3
2025-05-17 11:35:44,28992600,4935323603,3
2025-05-17 11:35:49,29449918,4935323603,3
2025-05-17 11:35:55,29449918,4935323603,3
2025-05-17 11:36:00,29902383,4935323603,3
2025-05-17 11:36:06,29902383,4935323603,3
2025-05-17 11:36:11,30287457,4935323603,3
2025-05-17 11:36:17,30287457,4935323603,3
2025-05-17 11:36:22,30651521,4935323603,3
2025-05-17 11:36:28,30651521,4935323603,3
2025-05-17 11:36:33,30968488,4935323603,3
2025-05-17 11:36:39,31282872,4935323603,3
2025-05-17 11:36:44,31282872,4935323603,3
2025-05-17 11:36:50,31560018,4935323603,3
2025-05-17 11:36:55,31560018,4935323603,3
2025-05-17 11:37:01,31833506,4935323603,3
2025-05-17 11:37:06,31833506,4935323603,3
2025-05-17 11:37:12,23552000,4935323603,3
2025-05-17 11:37:17,23552000,4935323603,3
2025-05-17 11:37:23,24446528,4935323603,3
2025-05-17 11:37:28,24446528,4935323603,3
2025-05-17 11:37:34,25348410,4935323603,3
2025-05-17 11:37:39,25348410,4935323603,3
2025-05-17 11:37:45,26059577,4935323603,3
2025-05-17 11:37:50,26728096,4927933492,3
2025-05-17 11:37:56,26728096,4927933492,3
2025-05-17 11:38:01,27450413,4938577905,3
2025-05-17 11:38:07,27450413,4938577905,3
2025-05-17 11:38:12,28053602,4938577905,3
2025-05-17 11:38:19,28053602,4938577905,3
2025-05-17 11:38:24,28615408,4938577905,3
2025-05-17 11:38:30,28615408,4938577905,3
2025-05-17 11:38:35,29017753,4938577905,3
2025-05-17 11:38:41,29017753,4938577905,3
2025-05-17 11:38:46,29570860,4938577905,3
2025-05-17 11:38:52,29570860,4938577905,3
2025-05-17 11:38:57,29970739,4938577905,3
2025-05-17 11:39:03,29970739,4938577905,3
2025-05-17 11:39:08,30370817,4938577905,3
2025-05-17 11:39:14,30605198,4938577905,3
2025-05-17 11:39:19,30605198,4938577905,3
2025-05-17 11:39:25,30930082,4938577905,3
2025-05-17 11:39:30,30930082,4938577905,3
2025-05-17 11:39:36,31215767,4938577905,3
2025-05-17 11:39:41,31215767,4938577905,3
2025-05-17 11:39:47,31506928,4938577905,3
2025-05-17 11:39:52,31506928,4938577905,3
2025-05-17 11:39:58,31736913,4938577905,3
2025-05-17 11:40:03,31736913,4938577905,3
2025-05-17 11:40:10,22740633,4938577905,3
2025-05-17 11:40:15,22740633,4938577905,3
2025-05-17 11:40:21,23747214,4938577905,3
2025-05-17 11:40:26,23798609,4938577905,3
2025-05-17 11:40:32,23798609,4938577905,3
2025-05-17 11:40:37,24387284,4938577905,3
2025-05-17 11:40:43,24387284,4938577905,3
2025-05-17 11:40:48,23802963,4938577905,3
2025-05-17 11:40:54,23802963,4938577905,3
2025-05-17 11:40:59,24457820,4938577905,3
2025-05-17 11:41:05,24457820,4938577905,3
2025-05-17 11:41:10,24531656,4938577905,3
2025-05-17 11:41:16,24531656,4938577905,3
2025-05-17 11:41:21,25141004,4938577905,3
2025-05-17 11:41:27,25141004,4938577905,3
2025-05-17 11:41:33,24758577,4938577905,3
2025-05-17 11:41:39,24758577,4938577905,3
2025-05-17 11:41:44,25353368,4938577905,3
2025-05-17 11:41:50,25353368,4938577905,3
2025-05-17 11:41:55,25831393,4938577905,3
2025-05-17 11:42:01,25831393,4938577905,3
2025-05-17 11:42:06,26177217,4938577905,3
2025-05-17 11:42:12,26177217,4938577905,3
2025-05-17 11:42:17,26587713,4938577905,3
2025-05-17 11:42:23,26939239,4938577905,3
2025-05-17 11:42:28,26939239,4938577905,3
2025-05-17 11:42:34,27240264,4938577905,3
2025-05-17 11:42:39,27240264,4938577905,3
2025-05-17 11:42:45,27538171,4933760854,3
2025-05-17 11:42:50,27538171,4933760854,3
2025-05-17 11:42:56,27833297,4933760854,3
2025-05-17 11:43:01,27833297,4933760854,3
2025-05-17 11:43:07,28084121,4933760854,3
2025-05-17 11:43:13,28084121,4933760854,3
2025-05-17 11:43:19,28273508,4933760854,3
2025-05-17 11:43:24,28273508,4933760854,3
2025-05-17 11:43:30,28485039,4932687768,3
2025-05-17 11:43:35,28485039,4932687768,3
2025-05-17 11:43:41,28674588,4931054685,3
2025-05-17 11:43:46,28674588,4931054685,3
2025-05-17 11:43:52,28853216,4931054685,3
2025-05-17 11:43:57,28853216,4931054685,3
2025-05-17 11:44:03,29039681,4931054685,3
2025-05-17 11:44:08,29039681,4931054685,3
2025-05-17 11:44:14,29207262,4928803681,3
2025-05-17 11:44:19,29207262,4928803681,3
2025-05-17 11:44:25,29332782,4928803681,3
2025-05-17 11:44:30,29455872,4928803681,3
2025-05-17 11:44:36,29455872,4928803681,3
2025-05-17 11:44:42,29582032,4928803681,3
2025-05-17 11:44:48,29582032,4928803681,3
2025-05-17 11:44:53,29873575,4926057945,3
2025-05-17 11:44:59,29873575,4926057945,3
2025-05-17 11:45:04,29818779,4926057945,3
2025-05-17 11:45:10,29818779,4926057945,3
2025-05-17 11:45:15,29914435,4926057945,3
2025-05-17 11:45:21,29967385,4926057945,3
2025-05-17 11:45:26,29967385,4926057945,3
2025-05-17 11:45:32,30097349,4926057945,3
2025-05-17 11:45:37,30097349,4926057945,3
2025-05-17 11:45:43,30784870,4926057945,3
2025-05-17 11:45:48,31088046,4926057945,3
2025-05-17 11:45:54,31088046,4926057945,3
2025-05-17 11:45:59,31088441,4926057945,3
2025-05-17 11:46:05,31088441,4926057945,3
2025-05-17 11:46:10,28997600,4926057945,3
2025-05-17 11:46:16,28997600,4926057945,3
2025-05-17 11:46:22,25556763,4926057945,3
2025-05-17 11:46:28,25556763,4926057945,3
2025-05-17 11:46:33,25556763,4925916298,3
2025-05-17 11:46:39,23550381,4929655721,3
2025-05-17 11:46:44,23550381,4929655721,3
2025-05-17 11:46:50,19991499,4929655721,3
2025-05-17 11:46:55,19991499,4929655721,3
2025-05-17 11:47:01,19671995,4929655721,3
2025-05-17 11:47:06,19671995,4929655721,3
2025-05-17 11:47:12,18904038,4929655721,3
2025-05-17 11:47:17,18904038,4929655721,3
2025-05-17 11:47:23,9342447,4929655721,3
2025-05-17 11:47:28,8120858,4929655721,3
2025-05-17 11:47:34,8120858,4929655721,3
2025-05-17 11:47:39,8120858,4929655721,3
2025-05-17 11:47:45,8120858,4929655721,3
2025-05-17 11:47:51,7624033,4929655721,3
2025-05-17 11:47:57,7624033,4929655721,3
2025-05-17 11:48:02,7630167,4929655721,3
2025-05-17 11:48:08,7630167,4929655721,3
2025-05-17 11:48:13,7642451,4929655721,3
2025-05-17 11:48:19,7652201,4929655721,3
2025-05-17 11:48:24,7652201,4929655721,3
2025-05-17 11:48:30,7658990,4929655721,3
2025-05-17 11:48:35,7658990,4929655721,3
2025-05-17 11:48:41,7661972,4929655721,3
2025-05-17 11:48:46,7661972,4929655721,3
2025-05-17 11:48:53,6682990,4929655721,3
2025-05-17 11:48:58,6682990,4929655721,3
2025-05-17 11:49:04,6474966,4929655721,3
2025-05-17 11:49:09,6474966,4929655721,3
2025-05-17 11:49:15,6474966,4929655721,3
2025-05-17 11:49:20,6277446,4929655721,3
2025-05-17 11:49:26,6277446,4929655721,3
2025-05-17 11:49:31,6277446,4929655721,3
2025-05-17 11:49:37,6277446,4929655721,3
2025-05-17 11:49:42,6277446,4929655721,3
2025-05-17 11:49:48,6277446,4929655721,3
2025-05-17 11:49:53,6283870,4929655721,3
2025-05-17 11:49:59,2094475,4929655721,3
2025-05-17 11:50:04,2094475,4929655721,3
2025-05-17 11:50:10,2091629,4929655721,3
2025-05-17 11:50:16,2091629,4929655721,3
2025-05-17 11:50:21,2098724,4929655721,3
2025-05-17 11:50:27,2098724,4929655721,3
2025-05-17 11:50:33,2105279,4929655721,3
2025-05-17 11:50:38,2105279,4929655721,3
2025-05-17 11:50:44,2106408,4929655721,3
2025-05-17 11:50:49,2108562,4929655721,3
2025-05-17 11:50:55,2108562,4929655721,3
2025-05-17 11:51:00,2109716,4929655721,3
2025-05-17 11:51:06,2109716,4929655721,3
2025-05-17 11:51:11,2111678,4936652170,3
2025-05-17 11:51:17,2111678,4936652170,3
2025-05-17 11:51:22,2116253,4936652170,3
2025-05-17 11:51:28,2116253,4936652170,3
2025-05-17 11:51:33,2117716,4936652170,3
2025-05-17 11:51:39,2133432,4936652170,3
2025-05-17 11:51:45,2133432,4936652170,3
2025-05-17 11:51:51,98999,4936652170,3
2025-05-17 11:51:56,98999,4936652170,3
2025-05-17 11:52:02,109299,4936652170,3
2025-05-17 11:52:07,109299,4936652170,3
2025-05-17 11:52:13,106401,4936652170,3
2025-05-17 11:52:18,106401,4936652170,3
2025-05-17 11:52:24,108058,4936652170,3
2025-05-17 11:52:29,111960,4936652170,3
2025-05-17 11:52:35,111960,4936652170,3
2025-05-17 11:52:40,111960,4936652170,3
2025-05-17 11:52:46,111960,4936652170,3
2025-05-17 11:52:51,117379,4936652170,3
2025-05-17 11:52:57,117379,4936652170,3
2025-05-17 11:53:02,117379,4936652170,3
2025-05-17 11:53:09,90228,4936652170,3
2025-05-17 11:53:14,90228,4936652170,3
2025-05-17 11:53:20,99142,4936652170,3
2025-05-17 11:53:25,99142,4936652170,3
2025-05-17 11:53:31,99975,4936652170,3
2025-05-17 11:53:36,99975,4936652170,3
2025-05-17 11:53:42,99975,4936652170,3
2025-05-17 11:53:47,99975,4936652170,3
2025-05-17 11:53:53,96507,4936652170,3
2025-05-17 11:53:58,96507,4936652170,3
2025-05-17 11:54:04,96715,4936652170,3
2025-05-17 11:54:09,113304,4936652170,3
2025-05-17 11:54:15,113304,4936652170,3
2025-05-17 11:54:20,116274,4936652170,3
2025-05-17 11:54:26,116274,4936652170,3
2025-05-17 11:54:31,115018,4936652170,3
2025-05-17 11:54:37,115018,4936652170,3
2025-05-17 11:54:42,104884,4944558406,3
2025-05-17 11:54:48,104884,4944558406,3
2025-05-17 11:54:53,108838,4944558406,3
2025-05-17 11:55:00,108838,4944558406,3
2025-05-17 11:55:05,108838,4944558406,3
2025-05-17 11:55:11,115828,4944558406,3
2025-05-17 11:55:16,115828,4944558406,3
2025-05-17 11:55:22,117631,4944558406,3
2025-05-17 11:55:27,117631,4944558406,3
2025-05-17 11:55:33,117631,4944558406,3
2025-05-17 11:55:38,117631,4944558406,3
2025-05-17 11:55:44,117631,4944558406,3
2025-05-17 11:55:49,117631,4944558406,3
2025-05-17 11:55:55,117631,4944558406,3
2025-05-17 11:56:00,111458,4944558406,3
2025-05-17 11:56:06,111458,4944558406,3
2025-05-17 11:56:11,91318,4944558406,3
2025-05-17 11:56:17,91318,4944558406,3
2025-05-17 11:56:22,91318,4944558406,3
2025-05-17 11:56:28,91318,4944558406,3
2025-05-17 11:56:33,99144,4944558406,3
2025-05-17 11:56:39,113071,4944558406,3
2025-05-17 11:56:44,113071,4944558406,3
2025-05-17 11:56:50,115443,4944558406,3
2025-05-17 11:56:55,115443,4944558406,3
2025-05-17 11:57:01,115443,4944558406,3
2025-05-17 11:57:06,115443,4944558406,3
2025-05-17 11:57:12,109923,4944558406,3
2025-05-17 11:57:17,109923,4944558406,3
2025-05-17 11:57:24,107113,4945682667,3
2025-05-17 11:57:29,114099,4945682667,3
2025-05-17 11:57:34,114099,4945682667,3
2025-05-17 11:57:40,112658,4945682667,3
2025-05-17 11:57:45,112658,4945682667,3
2025-05-17 11:57:50,109937,4945682667,3
2025-05-17 11:57:56,109937,4945682667,3
2025-05-17 11:58:02,113412,4946100805,3
2025-05-17 11:58:08,113412,4946100805,3
2025-05-17 11:58:13,113242,4946100805,3
2025-05-17 11:58:19,119992,4946750778,3
2025-05-17 11:58:24,119992,4946750778,3
2025-05-17 11:58:30,119992,4946750778,3
2025-05-17 11:58:35,119992,4946750778,3
2025-05-17 11:58:41,112343,4946750778,3
2025-05-17 11:58:46,112343,4946750778,3
2025-05-17 11:58:52,110965,4946750778,3
2025-05-17 11:58:57,110965,4946750778,3
2025-05-17 11:59:03,110882,4946750778,3
2025-05-17 11:59:09,110882,4946750778,3
2025-05-17 11:59:15,111318,4946750778,3
2025-05-17 11:59:20,112435,4946750778,3
2025-05-17 11:59:26,112435,4946750778,3
2025-05-17 11:59:31,113130,4946750778,3
2025-05-17 11:59:37,113130,4946750778,3
2025-05-17 11:59:42,115746,4946750778,3
2025-05-17 11:59:48,115746,4946750778,3
2025-05-17 11:59:53,109790,4946750778,3
2025-05-17 11:59:59,111072,4946750778,3
2025-05-17 12:00:04,111072,4946750778,3
2025-05-17 12:00:10,100992,4946750778,3
2025-05-17 12:00:15,100992,4946750778,3
2025-05-17 12:00:40,104271,4946750778,3
2025-05-17 12:00:46,104271,4946750778,3
2025-05-17 12:00:51,119466,4946750778,3
2025-05-17 12:00:56,119466,4946750778,3
2025-05-17 12:01:02,123515,4946750778,3
2025-05-17 12:01:08,123515,4946750778,3
2025-05-17 12:01:13,124493,4946750778,3
2025-05-17 12:01:19,122831,4946750778,3
2025-05-17 12:01:24,122831,4946750778,3
2025-05-17 12:01:30,132860,4946750778,3
2025-05-17 12:01:35,132860,4946750778,3
2025-05-17 12:01:41,141671,4946750778,3
2025-05-17 12:01:46,141671,4946750778,3
2025-05-17 12:02:10,3713171,4943252915,3
2025-05-17 12:02:16,2996351,4943252915,3
2025-05-17 12:02:21,2996351,4943252915,3
2025-05-17 12:02:27,5633264,4943252915,3
2025-05-17 12:02:32,5633264,4943252915,3
2025-05-17 12:02:38,7948185,4943252915,3
2025-05-17 12:02:43,7948185,4943252915,3
2025-05-17 12:02:49,9798669,4955869576,3
2025-05-17 12:02:54,9798669,4955869576,3
2025-05-17 12:03:00,11742415,4955869576,3
2025-05-17 12:03:05,11742415,4955869576,3
2025-05-17 12:03:11,13332720,4955869576,3
2025-05-17 12:03:17,13332720,4955869576,3
2025-05-17 12:03:23,14761497,4955869576,3
2025-05-17 12:03:28,16101813,4955869576,3
2025-05-17 12:03:34,16101813,4955869576,3
2025-05-17 12:03:39,17281574,4955869576,3
2025-05-17 12:03:45,17281574,4955869576,3
2025-05-17 12:03:50,18656388,4955869576,3
2025-05-17 12:03:56,18656388,4955869576,3
2025-05-17 12:04:01,19640835,4955869576,3
2025-05-17 12:04:07,19640835,4955869576,3
2025-05-17 12:04:12,20587409,4955869576,3
2025-05-17 12:04:18,20587409,4955869576,3
2025-05-17 12:04:23,21451719,4955869576,3
2025-05-17 12:04:29,21451719,4955869576,3
2025-05-17 12:04:34,22251037,4955869576,3
2025-05-17 12:04:40,22251037,4955869576,3
2025-05-17 12:04:45,22894635,4955869576,3
2025-05-17 12:04:51,22894635,4955869576,3
2025-05-17 12:04:56,23551864,4955869576,3
2025-05-17 12:05:02,23551864,4955869576,3
2025-05-17 12:05:07,24161071,4955869576,3
2025-05-17 12:05:13,24161071,4955869576,3
2025-05-17 12:05:18,24699511,4955869576,3
2025-05-17 12:05:24,18599469,4946502201,3
2025-05-17 12:05:29,18599469,4946502201,3
2025-05-17 12:05:35,19620458,4946502201,3
2025-05-17 12:05:40,19620458,4946502201,3
2025-05-17 12:05:46,20101543,4946502201,3
2025-05-17 12:05:51,20101543,4946502201,3
2025-05-17 12:05:57,20926279,4946502201,3
2025-05-17 12:06:02,20926279,4946502201,3
2025-05-17 12:06:09,21790200,4946502201,3
2025-05-17 12:06:14,21790200,4946502201,3
2025-05-17 12:06:20,22127811,4946502201,3
2025-05-17 12:06:25,22791848,4946502201,3
2025-05-17 12:06:31,22791848,4946502201,3
2025-05-17 12:06:36,22791848,4946502201,3
2025-05-17 12:06:42,23510239,4946502201,3
2025-05-17 12:06:47,24113202,4946502201,3
2025-05-17 12:06:53,24113202,4946502201,3
2025-05-17 12:06:58,24645618,4946502201,3
2025-05-17 12:07:04,24645618,4946502201,3
2025-05-17 12:07:09,25170701,4946502201,3
2025-05-17 12:07:15,25170701,4946502201,3
2025-05-17 12:07:20,18290837,4950625936,3
2025-05-17 12:07:27,18290837,4950625936,3
2025-05-17 12:07:32,19300529,4950625936,3
2025-05-17 12:07:38,19300529,4950625936,3
2025-05-17 12:07:43,20306665,4950625936,3
2025-05-17 12:07:49,20306665,4950625936,3
2025-05-17 12:07:54,21212385,4950625936,3
2025-05-17 12:08:00,21212385,4950625936,3
2025-05-17 12:08:05,21906805,4950625936,3
2025-05-17 12:08:11,21906805,4950625936,3
2025-05-17 12:08:16,22649162,4950625936,3
2025-05-17 12:08:22,22649162,4950625936,3
2025-05-17 12:08:27,23373107,4950625936,3
2025-05-17 12:08:33,23944400,4950625936,3
2025-05-17 12:08:38,23944400,4950625936,3
2025-05-17 12:08:44,24525861,4950625936,3
2025-05-17 12:08:49,24525861,4950625936,3
2025-05-17 12:08:55,25022678,4950625936,3
2025-05-17 12:09:00,25022678,4950625936,3
2025-05-17 12:09:07,25495526,4950625936,3
2025-05-17 12:09:12,25495526,4950625936,3
2025-05-17 12:09:17,25902614,4950625936,3
2025-05-17 12:09:23,25902614,4950625936,3
2025-05-17 12:09:29,26285822,4950625936,3
2025-05-17 12:09:34,26285822,4950625936,3
2025-05-17 12:09:40,26654403,4950625936,3
2025-05-17 12:09:45,26654403,4950625936,3
2025-05-17 12:09:51,26985736,4950625936,3
2025-05-17 12:09:56,26985736,4950625936,3
2025-05-17 12:10:02,27304269,4950625936,3
2025-05-17 12:10:07,27304269,4950625936,3
2025-05-17 12:10:13,27578942,4950625936,3
2025-05-17 12:10:18,27887915,4950625936,3
2025-05-17 12:10:24,27887915,4950625936,3
2025-05-17 12:10:29,28500489,4950625936,3
2025-05-17 12:10:35,28500489,4950625936,3
2025-05-17 12:10:40,29018196,4950625936,3
2025-05-17 12:10:46,29018196,4950625936,3
2025-05-17 12:10:52,29466475,4950625936,3
2025-05-17 12:10:57,29466475,4950625936,3
2025-05-17 12:11:03,29639282,4950625936,3
2025-05-17 12:11:08,29639282,4950625936,3
2025-05-17 12:11:14,30098785,4950625936,3
2025-05-17 12:11:20,30098785,4950625936,3
2025-05-17 12:11:25,29836211,4950625936,3
2025-05-17 12:11:31,29836211,4950625936,3
2025-05-17 12:11:36,29803306,4950625936,3
2025-05-17 12:11:42,29803306,4950625936,3
2025-05-17 12:11:47,29842365,4950625936,3
2025-05-17 12:11:53,29842365,4950625936,3
2025-05-17 12:11:58,29922086,4950625936,3
2025-05-17 12:12:04,29963529,4950625936,3
2025-05-17 12:12:09,29963529,4950625936,3
2025-05-17 12:12:15,30267609,4950625936,3
2025-05-17 12:12:20,30267609,4950625936,3
2025-05-17 12:12:26,30956453,4950625936,3
2025-05-17 12:12:31,30956453,4950625936,3
2025-05-17 12:12:37,30321421,4950625936,3
2025-05-17 12:12:42,30321421,4950625936,3
2025-05-17 12:12:48,30349180,4950625936,3
2025-05-17 12:12:53,30349180,4950625936,3
2025-05-17 12:12:59,30564115,4919361266,3
2025-05-17 12:13:04,30564115,4919361266,3
2025-05-17 12:13:10,30526038,4914117949,3
2025-05-17 12:13:15,30526038,4914117949,3
2025-05-17 12:13:21,30484964,4914117949,3
2025-05-17 12:13:26,30484964,4914117949,3
2025-05-17 12:13:33,30476026,4914117949,3
2025-05-17 12:13:38,30465413,4914117949,3
2025-05-17 12:13:44,30465413,4914117949,3
2025-05-17 12:13:49,22582110,4914117949,3
2025-05-17 12:13:55,22582110,4914117949,3
2025-05-17 12:14:00,23235090,4914117949,3
2025-05-17 12:14:06,23235090,4914117949,3
2025-05-17 12:14:11,23734852,4916708101,3
2025-05-17 12:14:17,23734852,4916708101,3
2025-05-17 12:14:22,23844577,4916708101,3
2025-05-17 12:14:28,23844577,4916708101,3
2025-05-17 12:14:33,24365033,4916708101,3
2025-05-17 12:14:39,24365033,4916708101,3
2025-05-17 12:14:44,24901732,4916708101,3
2025-05-17 12:14:50,25322925,4916708101,3
2025-05-17 12:14:55,25322925,4916708101,3
2025-05-17 12:15:01,25848281,4916708101,3
2025-05-17 12:15:06,25848281,4916708101,3
2025-05-17 12:15:13,26245044,4916708101,3
2025-05-17 12:15:18,26245044,4916708101,3
2025-05-17 12:15:24,26583690,4916708101,3
2025-05-17 12:15:29,26583690,4916708101,3
2025-05-17 12:15:35,26910850,4916708101,3
2025-05-17 12:15:40,26910850,4916708101,3
2025-05-17 12:15:46,27254737,4916708101,3
2025-05-17 12:15:51,27254737,4916708101,3
2025-05-17 12:15:57,27535587,4916708101,3
2025-05-17 12:16:02,27535587,4916708101,3
2025-05-17 12:16:08,27787086,4916708101,3
2025-05-17 12:16:13,27787086,4916708101,3
2025-05-17 12:16:19,28033310,4916708101,3
2025-05-17 12:16:24,28033310,4916708101,3
2025-05-17 12:16:30,28243955,4916708101,3
2025-05-17 12:16:35,28243955,4916708101,3
2025-05-17 12:16:41,28453089,4916708101,3
2025-05-17 12:16:46,28453089,4916708101,3
2025-05-17 12:16:52,28612741,4916708101,3
2025-05-17 12:16:57,28612741,4916708101,3
2025-05-17 12:17:03,28788143,4916708101,3
2025-05-17 12:17:08,28788143,4916708101,3
2025-05-17 12:17:14,28959638,4910998393,3
2025-05-17 12:17:20,13958722,4910998393,3
2025-05-17 12:17:26,13958722,4910998393,3
2025-05-17 12:17:31,13958722,4910998393,3
2025-05-17 12:17:37,15536727,4916767262,3
2025-05-17 12:17:42,16932801,4916767262,3
2025-05-17 12:17:48,16932801,4916767262,3
2025-05-17 12:17:53,18165562,4916767262,3
2025-05-17 12:17:59,18165562,4916767262,3
2025-05-17 12:18:04,18937804,4916767262,3
2025-05-17 12:18:10,20048467,4916767262,3
2025-05-17 12:18:15,20048467,4916767262,3
2025-05-17 12:18:21,19496432,4916767262,3
2025-05-17 12:18:26,19496432,4916767262,3
2025-05-17 12:18:33,19169425,4916767262,3
2025-05-17 12:18:38,19169425,4916767262,3
2025-05-17 12:18:44,19169425,4916767262,3
2025-05-17 12:18:49,19169425,4916767262,3
2025-05-17 12:18:55,18936744,4916767262,3
2025-05-17 12:19:00,18811639,4916767262,3
2025-05-17 12:19:06,18811639,4916767262,3
2025-05-17 12:19:11,18706052,4916767262,3
2025-05-17 12:19:17,18706052,4916767262,3
2025-05-17 12:19:22,18610572,4916767262,3
2025-05-17 12:19:29,18610572,4916767262,3
2025-05-17 12:19:34,15869212,4916767262,3
2025-05-17 12:19:40,15869212,4916767262,3
2025-05-17 12:19:45,15869212,4916767262,3
2025-05-17 12:19:51,12653514,4916767262,3
2025-05-17 12:19:56,12653514,4916767262,3
2025-05-17 12:20:02,11493646,4916767262,3
2025-05-17 12:20:07,11493646,4916767262,3
2025-05-17 12:20:14,10873356,4916767262,3
2025-05-17 12:20:19,10873356,4916767262,3
2025-05-17 12:20:25,10780613,4916767262,3
2025-05-17 12:20:30,10698950,4916767262,3
2025-05-17 12:20:36,10698950,4916767262,3
2025-05-17 12:20:41,10663305,4916767262,3
2025-05-17 12:20:47,10663305,4916767262,3
2025-05-17 12:20:52,10378848,4921254006,3
2025-05-17 12:20:58,10378848,4921254006,3
2025-05-17 12:21:03,8933291,4921254006,3
2025-05-17 12:21:09,8933291,4921254006,3
2025-05-17 12:21:14,4960011,4921254006,3
2025-05-17 12:21:20,4890478,4921254006,3
2025-05-17 12:21:25,4890478,4921254006,3
2025-05-17 12:21:31,4217763,4921254006,3
2025-05-17 12:21:36,4217763,4921254006,3
2025-05-17 12:21:42,4181719,4921254006,3
2025-05-17 12:21:47,4181719,4921254006,3
2025-05-17 12:21:53,4164896,4921254006,3
2025-05-17 12:21:58,4164896,4921254006,3
2025-05-17 12:22:05,4164896,4921254006,3
2025-05-17 12:22:10,3880245,4919041306,3
2025-05-17 12:22:16,3880245,4919041306,3
2025-05-17 12:22:21,950391,4919041306,3
2025-05-17 12:22:27,950391,4919041306,3
2025-05-17 12:22:32,923252,4919041306,3
2025-05-17 12:22:38,923252,4919041306,3
2025-05-17 12:22:43,918893,4935277329,3
2025-05-17 12:22:49,918893,4935277329,3
2025-05-17 12:22:54,918893,4935277329,3
2025-05-17 12:23:00,918893,4935277329,3
2025-05-17 12:23:05,918893,4935277329,3
2025-05-17 12:23:11,922657,4935277329,3
2025-05-17 12:23:16,922657,4935277329,3
2025-05-17 12:23:23,941149,4935277329,3
2025-05-17 12:23:28,941149,4935277329,3
2025-05-17 12:23:34,941149,4935277329,3
2025-05-17 12:23:39,941149,4935277329,3
2025-05-17 12:23:45,942691,4935277329,3
2025-05-17 12:23:50,942691,4935277329,3
2025-05-17 12:23:56,942691,4935277329,3
2025-05-17 12:24:01,942691,4935277329,3
2025-05-17 12:24:07,942691,4935277329,3
2025-05-17 12:24:12,766605,4935277329,3
2025-05-17 12:24:18,766605,4935277329,3
2025-05-17 12:24:23,749746,4935277329,3
2025-05-17 12:24:30,589206,4935277329,3
2025-05-17 12:24:35,589206,4935277329,3
2025-05-17 12:24:41,589206,4935277329,3
2025-05-17 12:24:46,589206,4935277329,3
2025-05-17 12:24:52,543326,4935277329,3
2025-05-17 12:24:57,543326,4935277329,3
2025-05-17 12:25:05,530157,4935277329,3
2025-05-17 12:25:10,460717,4932061497,3
2025-05-17 12:25:16,460717,4932061497,3
2025-05-17 12:25:22,450755,4932061497,3
2025-05-17 12:25:28,450755,4932061497,3
2025-05-17 12:25:34,437391,4932061497,3
2025-05-17 12:25:40,438832,4932061497,3
2025-05-17 12:25:45,438832,4932061497,3
2025-05-17 12:25:52,438128,4932061497,3
2025-05-17 12:25:57,438128,4932061497,3
2025-05-17 12:26:04,427449,4932061497,3
2025-05-17 12:26:09,427449,4932061497,3
2025-05-17 12:26:16,360611,4932061497,3
2025-05-17 12:26:21,357912,4932061497,3
2025-05-17 12:26:28,357912,4932061497,3
2025-05-17 12:26:33,360444,4931569645,3
2025-05-17 12:26:39,360444,4931569645,3
2025-05-17 12:26:45,360444,4931569645,3
2025-05-17 12:26:51,360444,4931569645,3
2025-05-17 12:26:56,360444,4931569645,3
2025-05-17 12:27:03,360444,4931569645,3
2025-05-17 12:27:08,360444,4931569645,3
2025-05-17 12:27:15,360172,4931569645,3
2025-05-17 12:27:20,363744,4931569645,3
2025-05-17 12:27:27,363744,4931569645,3
2025-05-17 12:27:32,382392,4925277751,3
2025-05-17 12:27:39,382392,4925277751,3
2025-05-17 12:27:44,382392,4925277751,3
2025-05-17 12:27:50,382392,4925277751,3
2025-05-17 12:27:56,382392,4925277751,3
2025-05-17 12:28:02,382392,4925277751,3
2025-05-17 12:28:08,382392,4925277751,3
2025-05-17 12:28:14,382392,4925277751,3
2025-05-17 12:28:19,382392,4925277751,3
2025-05-17 12:28:26,319126,4925277751,3
2025-05-17 12:28:32,317084,4925277751,3
2025-05-17 12:28:38,317084,4925277751,3
2025-05-17 12:28:43,317084,4925277751,3
2025-05-17 12:28:50,310541,4925277751,3
2025-05-17 12:28:55,310541,4925277751,3
2025-05-17 12:29:02,156854,4925277751,3
2025-05-17 12:29:07,156854,4925277751,3
2025-05-17 12:29:13,156568,4925277751,3
2025-05-17 12:29:19,156568,4925277751,3
2025-05-17 12:29:25,154159,4925277751,3
2025-05-17 12:29:31,161017,4925277751,3
2025-05-17 12:29:37,161017,4925277751,3
2025-05-17 12:29:42,164702,4925277751,3
2025-05-17 12:29:49,164702,4925277751,3
2025-05-17 12:29:54,174843,4925277751,3
2025-05-17 12:30:01,151154,4925277751,3
2025-05-17 12:30:06,151154,4925277751,3
2025-05-17 12:30:13,154719,4925277751,3
2025-05-17 12:30:18,154719,4925277751,3
2025-05-17 12:30:25,154719,4925277751,3
2025-05-17 12:30:30,154719,4925277751,3
2025-05-17 12:30:36,121555,4925277751,3
2025-05-17 12:30:41,119938,4925277751,3
