timestamp,pool_hashrate,network_hashrate,network_height,pool_blocks_found,last_block_found,last_template_fetched,round_hashrate,round_hashes,payment_threshold,pool_fee,pool_port,pool_ssl_port,allow_self_select,connected_miners
2025-05-18 08:32:24,37021262,5025151012,3414266,3,1747468615,1747557139,0,1541684080000,0,0,4242,0,1,1
2025-05-18 08:32:25,37021262,5025151012,3414266,3,1747468615,1747557139,0,1541734080000,0,0,4242,0,1,1
2025-05-18 08:32:27,37021262,5025151012,3414266,3,1747468615,1747557139,0,1541794080000,0,0,4242,0,1,1
2025-05-18 08:32:28,37021262,5025151012,3414266,3,1747468615,1747557139,0,1541864080000,0,0,4242,0,1,1
2025-05-18 08:32:30,37701291,5025151012,3414266,3,1747468615,1747557149,0,1541904080000,0,0,4242,0,1,1
2025-05-18 08:32:31,37701291,5025151012,3414266,3,1747468615,1747557149,0,1541994080000,0,0,4242,0,1,1
2025-05-18 08:32:33,37701291,5025151012,3414266,3,1747468615,1747557149,0,1542044080000,0,0,4242,0,1,1
2025-05-18 08:32:35,37701291,5025151012,3414266,3,1747468615,1747557149,0,1542074080000,0,0,4242,0,1,1
2025-05-18 08:32:36,37701291,5025151012,3414266,3,1747468615,1747557149,0,1542174080000,0,0,4242,0,1,1
2025-05-18 08:32:38,37701291,5025151012,3414266,3,1747468615,1747557149,0,1542194080000,0,0,4242,0,1,1
2025-05-18 08:32:39,37605429,5025151012,3414266,3,1747468615,1747557159,0,1542254080000,0,0,4242,0,1,1
2025-05-18 08:32:41,37605429,5025151012,3414266,3,1747468615,1747557159,0,1542324080000,0,0,4242,0,1,1
2025-05-18 08:32:42,37605429,5025151012,3414266,3,1747468615,1747557159,0,1542414080000,0,0,4242,0,1,1
2025-05-18 08:32:44,37605429,5025151012,3414266,3,1747468615,1747557159,0,1542444080000,0,0,4242,0,1,1
2025-05-18 08:32:45,37605429,5025151012,3414266,3,1747468615,1747557159,0,1542544080000,0,0,4242,0,1,1
2025-05-18 08:32:47,37605429,5025151012,3414266,3,1747468615,1747557159,0,1542594080000,0,0,4242,0,1,1
2025-05-18 08:32:48,37605429,5025151012,3414266,3,1747468615,1747557159,0,1542624080000,0,0,4242,0,1,1
2025-05-18 08:32:50,37840200,5025151012,3414266,3,1747468615,1747557169,0,1542694080000,0,0,4242,0,1,1
2025-05-18 08:32:51,37840200,5025151012,3414266,3,1747468615,1747557169,0,1542784080000,0,0,4242,0,1,1
2025-05-18 08:32:53,37840200,5025151012,3414266,3,1747468615,1747557169,0,1542814080000,0,0,4242,0,1,1
2025-05-18 08:32:54,37840200,5025151012,3414266,3,1747468615,1747557169,0,1542864080000,0,0,4242,0,1,1
2025-05-18 08:32:56,37840200,5025151012,3414266,3,1747468615,1747557169,0,1542924080000,0,0,4242,0,1,1
2025-05-18 08:32:57,37840200,5025151012,3414266,3,1747468615,1747557169,0,1542954080000,0,0,4242,0,1,1
2025-05-18 08:32:59,37840200,5025151012,3414266,3,1747468615,1747557169,0,1543034080000,0,0,4242,0,1,1
2025-05-18 08:33:00,37911462,5025151012,3414266,3,1747468615,1747557179,0,1543064080000,0,0,4242,0,1,1
2025-05-18 08:33:02,37911462,5025151012,3414266,3,1747468615,1747557179,0,1543114080000,0,0,4242,0,1,1
2025-05-18 08:33:03,37911462,5025151012,3414266,3,1747468615,1747557179,0,1543194080000,0,0,4242,0,1,1
2025-05-18 08:33:05,37911462,5025151012,3414266,3,1747468615,1747557179,0,1543284080000,0,0,4242,0,1,1
2025-05-18 08:33:06,37911462,5025151012,3414266,3,1747468615,1747557179,0,1543364080000,0,0,4242,0,1,1
2025-05-18 08:33:08,37911462,5025151012,3414266,3,1747468615,1747557179,0,1543384080000,0,0,4242,0,1,1
2025-05-18 08:33:09,37911462,5025151012,3414266,3,1747468615,1747557179,0,1543434080000,0,0,4242,0,1,1
2025-05-18 08:33:11,37801155,5025151012,3414266,3,1747468615,1747557189,0,1543594080000,0,0,4242,0,1,1
2025-05-18 08:33:12,37801155,5025151012,3414266,3,1747468615,1747557189,0,1543684080000,0,0,4242,0,1,1
2025-05-18 08:33:14,37801155,5025151012,3414266,3,1747468615,1747557189,0,1543754080000,0,0,4242,0,1,1
2025-05-18 08:33:15,37801155,5025151012,3414266,3,1747468615,1747557189,0,1543854080000,0,0,4242,0,1,1
2025-05-18 08:33:17,37801155,5025151012,3414266,3,1747468615,1747557189,0,1543934080000,0,0,4242,0,1,1
2025-05-18 08:33:18,37801155,5025151012,3414266,3,1747468615,1747557189,0,1543984080000,0,0,4242,0,1,1
2025-05-18 08:33:20,39700852,5025151012,3414266,3,1747468615,1747557199,0,1544084080000,0,0,4242,0,1,1
2025-05-18 08:33:21,39700852,5025151012,3414266,3,1747468615,1747557199,0,1544134080000,0,0,4242,0,1,1
2025-05-18 08:33:23,39700852,5025151012,3414266,3,1747468615,1747557199,0,1544164080000,0,0,4242,0,1,1
2025-05-18 08:33:24,39700852,5025151012,3414266,3,1747468615,1747557199,0,1544234080000,0,0,4242,0,1,1
2025-05-18 08:33:25,39700852,5025151012,3414266,3,1747468615,1747557199,0,1544304080000,0,0,4242,0,1,1
2025-05-18 08:33:27,39700852,5025151012,3414266,3,1747468615,1747557199,0,1544344080000,0,0,4242,0,1,1
2025-05-18 08:33:28,39700852,5025151012,3414266,3,1747468615,1747557199,0,1544394080000,0,0,4242,0,1,1
2025-05-18 08:33:30,39763977,5025151012,3414266,3,1747468615,1747557209,0,1544414080000,0,0,4242,0,1,1
2025-05-18 08:33:31,39763977,5025151012,3414266,3,1747468615,1747557209,0,1544464080000,0,0,4242,0,1,1
2025-05-18 08:33:33,39763977,5025151012,3414266,3,1747468615,1747557209,0,1544534080000,0,0,4242,0,1,1
2025-05-18 08:33:34,39763977,5025151012,3414266,3,1747468615,1747557209,0,1544594080000,0,0,4242,0,1,1
2025-05-18 08:33:36,39763977,5025151012,3414266,3,1747468615,1747557209,0,1544624080000,0,0,4242,0,1,1
2025-05-18 08:33:37,39763977,5025151012,3414266,3,1747468615,1747557209,0,1544654080000,0,0,4242,0,1,1
2025-05-18 08:33:39,39763977,5025151012,3414266,3,1747468615,1747557209,0,1544704080000,0,0,4242,0,1,1
2025-05-18 08:33:40,38985683,5025151012,3414266,3,1747468615,1747557219,0,1544784080000,0,0,4242,0,1,1
2025-05-18 08:33:42,38985683,5025151012,3414266,3,1747468615,1747557219,0,1544844080000,0,0,4242,0,1,1
2025-05-18 08:33:43,38985683,5025151012,3414266,3,1747468615,1747557219,0,1544924080000,0,0,4242,0,1,1
2025-05-18 08:33:45,38985683,5025151012,3414266,3,1747468615,1747557219,0,1544974080000,0,0,4242,0,1,1
2025-05-18 08:33:46,38985683,5025151012,3414266,3,1747468615,1747557219,0,1545024080000,0,0,4242,0,1,1
2025-05-18 08:33:48,38985683,5025151012,3414266,3,1747468615,1747557219,0,1545094080000,0,0,4242,0,1,1
2025-05-18 08:33:49,39054842,5025151012,3414266,3,1747468615,1747557229,0,1545124080000,0,0,4242,0,1,1
2025-05-18 08:33:51,39054842,5025151012,3414266,3,1747468615,1747557229,0,1545144080000,0,0,4242,0,1,1
2025-05-18 08:33:52,39054842,5025151012,3414266,3,1747468615,1747557229,0,1545184080000,0,0,4242,0,1,1
2025-05-18 08:33:54,39054842,5025151012,3414266,3,1747468615,1747557229,0,1545334080000,0,0,4242,0,1,1
2025-05-18 08:33:55,39054842,5025151012,3414266,3,1747468615,1747557229,0,1545394080000,0,0,4242,0,1,1
2025-05-18 08:33:57,39054842,5025151012,3414266,3,1747468615,1747557229,0,1545454080000,0,0,4242,0,1,1
2025-05-18 08:33:58,39054842,5025151012,3414266,3,1747468615,1747557229,0,1545504080000,0,0,4242,0,1,1
2025-05-18 08:34:00,39448249,5025151012,3414266,3,1747468615,1747557239,0,1545584080000,0,0,4242,0,1,1
2025-05-18 08:34:01,39448249,5025151012,3414266,3,1747468615,1747557239,0,1545614080000,0,0,4242,0,1,1
2025-05-18 08:34:03,39448249,5025151012,3414266,3,1747468615,1747557239,0,1545634080000,0,0,4242,0,1,1
2025-05-18 08:34:04,39448249,5025151012,3414266,3,1747468615,1747557239,0,1545694080000,0,0,4242,0,1,1
2025-05-18 08:34:06,39448249,5025151012,3414266,3,1747468615,1747557239,0,1545774080000,0,0,4242,0,1,1
2025-05-18 08:34:07,39448249,5025151012,3414266,3,1747468615,1747557239,0,1545804080000,0,0,4242,0,1,1
2025-05-18 08:34:08,39448249,5025151012,3414266,3,1747468615,1747557239,0,1545904080000,0,0,4242,0,1,1
2025-05-18 08:34:10,39192139,5025151012,3414266,3,1747468615,1747557249,0,1545924080000,0,0,4242,0,1,1
2025-05-18 08:34:11,39192139,5025151012,3414266,3,1747468615,1747557249,0,1545954080000,0,0,4242,0,1,1
2025-05-18 08:34:13,39192139,5025151012,3414266,3,1747468615,1747557249,0,1546024080000,0,0,4242,0,1,1
2025-05-18 08:34:14,39192139,5025151012,3414266,3,1747468615,1747557249,0,1546084080000,0,0,4242,0,1,1
2025-05-18 08:34:16,39192139,5025151012,3414266,3,1747468615,1747557249,0,1546114080000,0,0,4242,0,1,1
2025-05-18 08:34:17,39192139,5025151012,3414266,3,1747468615,1747557249,0,1546234080000,0,0,4242,0,1,1
2025-05-18 08:34:19,39192139,5025151012,3414266,3,1747468615,1747557249,0,1546254080000,0,0,4242,0,1,1
2025-05-18 08:34:20,38807481,5025151012,3414266,3,1747468615,1747557259,0,1546294080000,0,0,4242,0,1,1
2025-05-18 08:34:22,38807481,5025151012,3414266,3,1747468615,1747557259,0,1546344080000,0,0,4242,0,1,1
2025-05-18 08:34:23,38807481,5025151012,3414266,3,1747468615,1747557259,0,1546414080000,0,0,4242,0,1,1
2025-05-18 08:34:25,38807481,5025151012,3414266,3,1747468615,1747557259,0,1546504080000,0,0,4242,0,1,1
2025-05-18 08:34:26,38807481,5025151012,3414266,3,1747468615,1747557259,0,1546544080000,0,0,4242,0,1,1
2025-05-18 08:34:28,38807481,5025151012,3414266,3,1747468615,1747557259,0,1546584080000,0,0,4242,0,1,1
2025-05-18 08:34:29,38809670,5025151012,3414266,3,1747468615,1747557269,0,1546654080000,0,0,4242,0,1,1
2025-05-18 08:34:31,38809670,5025151012,3414266,3,1747468615,1747557269,0,1546664080000,0,0,4242,0,1,1
2025-05-18 08:34:32,38809670,5025151012,3414266,3,1747468615,1747557269,0,1546704080000,0,0,4242,0,1,1
2025-05-18 08:34:34,38809670,5025151012,3414266,3,1747468615,1747557269,0,1546764080000,0,0,4242,0,1,1
2025-05-18 08:34:35,38809670,5025151012,3414266,3,1747468615,1747557269,0,1546844080000,0,0,4242,0,1,1
2025-05-18 08:34:37,38809670,5025151012,3414266,3,1747468615,1747557269,0,1546934080000,0,0,4242,0,1,1
2025-05-18 08:34:39,38809670,5025151012,3414266,3,1747468615,1747557269,0,1546954080000,0,0,4242,0,1,1
2025-05-18 08:34:40,38495302,5025151012,3414266,3,1747468615,1747557279,0,1547014080000,0,0,4242,0,1,1
2025-05-18 08:34:42,38495302,5025151012,3414266,3,1747468615,1747557279,0,1547094080000,0,0,4242,0,1,1
2025-05-18 08:34:43,38495302,5025151012,3414266,3,1747468615,1747557279,0,1547174080000,0,0,4242,0,1,1
2025-05-18 08:34:45,38495302,5025151012,3414266,3,1747468615,1747557279,0,1547234080000,0,0,4242,0,1,1
2025-05-18 08:34:46,38495302,5025151012,3414266,3,1747468615,1747557279,0,1547254080000,0,0,4242,0,1,1
2025-05-18 08:34:48,38495302,5025151012,3414266,3,1747468615,1747557279,0,1547304080000,0,0,4242,0,1,1
2025-05-18 08:34:49,38495302,5025151012,3414266,3,1747468615,1747557279,0,1547324080000,0,0,4242,0,1,1
2025-05-18 08:34:51,38438013,5025151012,3414266,3,1747468615,1747557289,0,1547414080000,0,0,4242,0,1,1
2025-05-18 08:34:52,38438013,5025151012,3414266,3,1747468615,1747557289,0,1547484080000,0,0,4242,0,1,1
2025-05-18 08:34:54,38438013,5025151012,3414266,3,1747468615,1747557289,0,1547494080000,0,0,4242,0,1,1
2025-05-18 08:34:55,38438013,5025151012,3414266,3,1747468615,1747557289,0,1547514080000,0,0,4242,0,1,1
2025-05-18 08:34:57,38438013,5025151012,3414266,3,1747468615,1747557289,0,1547594080000,0,0,4242,0,1,1
2025-05-18 08:34:58,38438013,5025151012,3414266,3,1747468615,1747557289,0,1547654080000,0,0,4242,0,1,1
2025-05-18 08:35:00,12693010,5025151012,3414266,3,1747468615,1747557299,0,1547704080000,0,0,4242,0,1,1
2025-05-18 08:35:01,12693010,5025151012,3414266,3,1747468615,1747557299,0,1547774080000,0,0,4242,0,1,1
2025-05-18 08:35:03,12693010,5025151012,3414266,3,1747468615,1747557299,0,1547824080000,0,0,4242,0,1,1
2025-05-18 08:35:04,12693010,5025151012,3414266,3,1747468615,1747557299,0,1547864080000,0,0,4242,0,1,1
2025-05-18 08:35:06,12693010,5025151012,3414266,3,1747468615,1747557299,0,1547984080000,0,0,4242,0,1,1
2025-05-18 08:35:07,12693010,5025151012,3414266,3,1747468615,1747557299,0,1548034080000,0,0,4242,0,1,1
2025-05-18 08:35:09,12693010,5025151012,3414266,3,1747468615,1747557299,0,1548134080000,0,0,4242,0,1,1
2025-05-18 08:35:10,15410709,5025151012,3414266,3,1747468615,1747557309,0,1548214080000,0,0,4242,0,1,1
2025-05-18 08:35:12,15410709,5025151012,3414266,3,1747468615,1747557309,0,1548234080000,0,0,4242,0,1,1
2025-05-18 08:35:13,15410709,5025151012,3414266,3,1747468615,1747557309,0,1548364080000,0,0,4242,0,1,1
2025-05-18 08:35:15,15410709,5025151012,3414266,3,1747468615,1747557309,0,1548444080000,0,0,4242,0,1,1
2025-05-18 08:35:16,15410709,5025151012,3414266,3,1747468615,1747557309,0,1548514080000,0,0,4242,0,1,1
2025-05-18 08:35:18,15410709,5025151012,3414266,3,1747468615,1747557309,0,1548574080000,0,0,4242,0,1,1
2025-05-18 08:35:19,18035050,5025151012,3414266,3,1747468615,1747557319,0,1548634080000,0,0,4242,0,1,1
2025-05-18 08:35:21,18035050,5025151012,3414266,3,1747468615,1747557319,0,1548694080000,0,0,4242,0,1,1
2025-05-18 08:35:23,18035050,5025151012,3414266,3,1747468615,1747557319,0,1548784080000,0,0,4242,0,1,1
2025-05-18 08:35:24,18035050,5025151012,3414266,3,1747468615,1747557319,0,1548884080000,0,0,4242,0,1,1
2025-05-18 08:35:26,18035050,5025151012,3414266,3,1747468615,1747557319,0,1548914080000,0,0,4242,0,1,1
2025-05-18 08:35:27,18035050,5025151012,3414266,3,1747468615,1747557319,0,1548984080000,0,0,4242,0,1,1
2025-05-18 08:35:29,18035050,5025151012,3414266,3,1747468615,1747557319,0,1549084080000,0,0,4242,0,1,1
2025-05-18 08:35:30,20238819,5025151012,3414266,3,1747468615,1747557329,0,1549134080000,0,0,4242,0,1,1
2025-05-18 08:35:32,20238819,5025151012,3414266,3,1747468615,1747557329,0,1549194080000,0,0,4242,0,1,1
2025-05-18 08:35:33,20238819,5025151012,3414266,3,1747468615,1747557329,0,1549244080000,0,0,4242,0,1,1
2025-05-18 08:35:35,20238819,5025151012,3414266,3,1747468615,1747557329,0,1549294080000,0,0,4242,0,1,1
2025-05-18 08:35:36,20238819,5025151012,3414266,3,1747468615,1747557329,0,1549354080000,0,0,4242,0,1,1
2025-05-18 08:35:38,20238819,5025151012,3414266,3,1747468615,1747557329,0,1549414080000,0,0,4242,0,1,1
2025-05-18 08:35:39,20238819,5025151012,3414266,3,1747468615,1747557329,0,1549464080000,0,0,4242,0,1,1
2025-05-18 08:35:41,21445050,5025151012,3414266,3,1747468615,1747557339,0,1549494080000,0,0,4242,0,1,1
2025-05-18 08:35:42,21445050,5025151012,3414266,3,1747468615,1747557339,0,1549564080000,0,0,4242,0,1,1
2025-05-18 08:35:44,21445050,5025151012,3414266,3,1747468615,1747557339,0,1549624080000,0,0,4242,0,1,1
2025-05-18 08:35:45,21445050,5025151012,3414266,3,1747468615,1747557339,0,1549704080000,0,0,4242,0,1,1
2025-05-18 08:35:47,21445050,5025151012,3414266,3,1747468615,1747557339,0,1549744080000,0,0,4242,0,1,1
2025-05-18 08:35:48,21445050,5025151012,3414266,3,1747468615,1747557339,0,1549824080000,0,0,4242,0,1,1
2025-05-18 08:35:50,22782320,5025151012,3414266,3,1747468615,1747557349,0,1549864080000,0,0,4242,0,1,1
2025-05-18 08:35:51,22782320,5025151012,3414266,3,1747468615,1747557349,0,1549904080000,0,0,4242,0,1,1
2025-05-18 08:35:53,22782320,5025151012,3414266,3,1747468615,1747557349,0,1549974080000,0,0,4242,0,1,1
2025-05-18 08:35:54,22782320,5025151012,3414266,3,1747468615,1747557349,0,1550024080000,0,0,4242,0,1,1
2025-05-18 08:35:56,22782320,5025151012,3414266,3,1747468615,1747557349,0,1550104080000,0,0,4242,0,1,1
2025-05-18 08:35:57,22782320,5025151012,3414266,3,1747468615,1747557349,0,1550154080000,0,0,4242,0,1,1
2025-05-18 08:35:59,22782320,5025151012,3414266,3,1747468615,1747557349,0,1550224080000,0,0,4242,0,1,1
2025-05-18 08:36:00,24115680,5025151012,3414266,3,1747468615,1747557359,0,1550274080000,0,0,4242,0,1,1
2025-05-18 08:36:02,24115680,5025151012,3414266,3,1747468615,1747557359,0,1550384080000,0,0,4242,0,1,1
2025-05-18 08:36:04,24115680,5025151012,3414266,3,1747468615,1747557359,0,1550444080000,0,0,4242,0,1,1
2025-05-18 08:36:05,24115680,5025151012,3414266,3,1747468615,1747557359,0,1550464080000,0,0,4242,0,1,1
2025-05-18 08:36:07,24115680,5025151012,3414266,3,1747468615,1747557359,0,1550514080000,0,0,4242,0,1,1
2025-05-18 08:36:08,24115680,5025151012,3414266,3,1747468615,1747557359,0,1550564080000,0,0,4242,0,1,1
2025-05-18 08:36:10,25181305,5025151012,3414266,3,1747468615,1747557369,0,1550614080000,0,0,4242,0,1,1
2025-05-18 08:36:11,25181305,5025151012,3414266,3,1747468615,1747557369,0,1550654080000,0,0,4242,0,1,1
2025-05-18 08:36:13,25181305,5025151012,3414266,3,1747468615,1747557369,0,1550754080000,0,0,4242,0,1,1
2025-05-18 08:36:14,25181305,5025151012,3414266,3,1747468615,1747557369,0,1550794080000,0,0,4242,0,1,1
2025-05-18 08:36:16,25181305,5025151012,3414266,3,1747468615,1747557369,0,1550844080000,0,0,4242,0,1,1
2025-05-18 08:36:17,25181305,5025151012,3414266,3,1747468615,1747557369,0,1550884080000,0,0,4242,0,1,1
2025-05-18 08:36:19,25181305,5025151012,3414266,3,1747468615,1747557369,0,1550964080000,0,0,4242,0,1,1
2025-05-18 08:36:20,26052042,5024915061,3414267,3,1747468615,1747557379,0,1551014080000,0,0,4242,0,1,1
2025-05-18 08:36:22,26052042,5024915061,3414267,3,1747468615,1747557379,0,1551044080000,0,0,4242,0,1,1
2025-05-18 08:36:23,26052042,5024915061,3414267,3,1747468615,1747557379,0,1551144080000,0,0,4242,0,1,1
2025-05-18 08:36:25,26052042,5024915061,3414267,3,1747468615,1747557379,0,1551184080000,0,0,4242,0,1,1
2025-05-18 08:36:26,26052042,5024915061,3414267,3,1747468615,1747557379,0,1551244080000,0,0,4242,0,1,1
2025-05-18 08:36:28,26052042,5024915061,3414267,3,1747468615,1747557379,0,1551344080000,0,0,4242,0,1,1
2025-05-18 08:36:29,27656016,5024915061,3414267,3,1747468615,1747557389,0,1551464080000,0,0,4242,0,1,1
2025-05-18 08:36:31,27656016,5024915061,3414267,3,1747468615,1747557389,0,1551514080000,0,0,4242,0,1,1
2025-05-18 08:36:32,27656016,5024915061,3414267,3,1747468615,1747557389,0,1551714080000,0,0,4242,0,1,1
2025-05-18 08:36:34,27656016,5024915061,3414267,3,1747468615,1747557389,0,1551864080000,0,0,4242,0,1,1
2025-05-18 08:36:36,27656016,5024915061,3414267,3,1747468615,1747557389,0,1552024080000,0,0,4242,0,1,1
2025-05-18 08:36:37,27656016,5024915061,3414267,3,1747468615,1747557389,0,1552204080000,0,0,4242,0,1,1
2025-05-18 08:36:39,27656016,5024915061,3414267,3,1747468615,1747557389,0,1552374080000,0,0,4242,0,1,1
2025-05-18 08:36:40,33263036,5024915061,3414267,3,1747468615,1747557399,0,1552464080000,0,0,4242,0,1,1
2025-05-18 08:36:42,33263036,5024915061,3414267,3,1747468615,1747557399,0,1552584080000,0,0,4242,0,1,1
2025-05-18 08:36:43,33263036,5024915061,3414267,3,1747468615,1747557399,0,1552644080000,0,0,4242,0,1,1
2025-05-18 08:36:45,33263036,5024915061,3414267,3,1747468615,1747557399,0,1552694080000,0,0,4242,0,1,1
2025-05-18 08:36:46,33263036,5024915061,3414267,3,1747468615,1747557399,0,1552754080000,0,0,4242,0,1,1
2025-05-18 08:36:48,33263036,5024915061,3414267,3,1747468615,1747557399,0,1552814080000,0,0,4242,0,1,1
2025-05-18 08:36:49,33263036,5024915061,3414267,3,1747468615,1747557399,0,1552844080000,0,0,4242,0,1,1
2025-05-18 08:36:51,34641944,5026527975,3414268,3,1747468615,1747557409,0,1552904080000,0,0,4242,0,1,1
2025-05-18 08:36:52,34641944,5026527975,3414268,3,1747468615,1747557409,0,1552944080000,0,0,4242,0,1,1
2025-05-18 08:36:54,34641944,5026527975,3414268,3,1747468615,1747557409,0,1553104080000,0,0,4242,0,1,1
2025-05-18 08:36:55,34641944,5026527975,3414268,3,1747468615,1747557409,0,1553304080000,0,0,4242,0,1,1
2025-05-18 08:36:57,34641944,5026527975,3414268,3,1747468615,1747557409,0,1553454080000,0,0,4242,0,1,1
2025-05-18 08:36:58,34641944,5026527975,3414268,3,1747468615,1747557409,0,1553554080000,0,0,4242,0,1,1
2025-05-18 08:37:00,37490729,5026527975,3414268,3,1747468615,1747557419,0,1553734080000,0,0,4242,0,1,1
2025-05-18 08:37:01,37490729,5026527975,3414268,3,1747468615,1747557419,0,1553854080000,0,0,4242,0,1,1
2025-05-18 08:37:03,37490729,5026527975,3414268,3,1747468615,1747557419,0,1554084080000,0,0,4242,0,1,1
2025-05-18 08:37:04,37490729,5026527975,3414268,3,1747468615,1747557419,0,1554234080000,0,0,4242,0,1,1
2025-05-18 08:37:06,37490729,5026527975,3414268,3,1747468615,1747557419,0,1554404080000,0,0,4242,0,1,1
2025-05-18 08:37:08,37490729,5026527975,3414268,3,1747468615,1747557419,0,1554524080000,0,0,4242,0,1,1
2025-05-18 08:37:09,37490729,5026527975,3414268,3,1747468615,1747557419,0,1554744080000,0,0,4242,0,1,1
2025-05-18 08:37:11,43164251,5026527975,3414268,3,1747468615,1747557429,0,1554764080000,0,0,4242,0,1,1
2025-05-18 08:37:12,43164251,5026527975,3414268,3,1747468615,1747557429,0,1554934080000,0,0,4242,0,1,1
2025-05-18 08:37:14,43164251,5026527975,3414268,3,1747468615,1747557429,0,1555104080000,0,0,4242,0,1,1
2025-05-18 08:37:15,43164251,5026527975,3414268,3,1747468615,1747557429,0,1555284080000,0,0,4242,0,1,1
2025-05-18 08:37:17,43164251,5026527975,3414268,3,1747468615,1747557429,0,1555474080000,0,0,4242,0,1,1
2025-05-18 08:37:18,43164251,5026527975,3414268,3,1747468615,1747557429,0,1555584080000,0,0,4242,0,1,1
2025-05-18 08:37:20,47279230,5026527975,3414268,3,1747468615,1747557439,0,1555744080000,0,0,4242,0,1,1
2025-05-18 08:37:21,47279230,5026527975,3414268,3,1747468615,1747557439,0,1555854080000,0,0,4242,0,1,1
2025-05-18 08:37:23,47279230,5026527975,3414268,3,1747468615,1747557439,0,1556084080000,0,0,4242,0,1,1
2025-05-18 08:37:24,47279230,5026527975,3414268,3,1747468615,1747557439,0,1556224080000,0,0,4242,0,1,1
2025-05-18 08:37:26,47279230,5026527975,3414268,3,1747468615,1747557439,0,1556354080000,0,0,4242,0,1,1
2025-05-18 08:37:27,47279230,5026527975,3414268,3,1747468615,1747557439,0,1556444080000,0,0,4242,0,1,1
2025-05-18 08:37:29,47279230,5026527975,3414268,3,1747468615,1747557439,0,1556574080000,0,0,4242,0,1,1
2025-05-18 08:37:30,51171740,5026527975,3414268,3,1747468615,1747557449,0,1556704080000,0,0,4242,0,1,1
2025-05-18 08:37:32,51171740,5026527975,3414268,3,1747468615,1747557449,0,1556834080000,0,0,4242,0,1,1
2025-05-18 08:37:33,51171740,5026527975,3414268,3,1747468615,1747557449,0,1556984080000,0,0,4242,0,1,1
2025-05-18 08:37:34,51171740,5026527975,3414268,3,1747468615,1747557449,0,1557074080000,0,0,4242,0,1,1
2025-05-18 08:37:36,51171740,5026527975,3414268,3,1747468615,1747557449,0,1557264080000,0,0,4242,0,1,1
2025-05-18 08:37:38,51171740,5026527975,3414268,3,1747468615,1747557449,0,1557474080000,0,0,4242,0,1,1
2025-05-18 08:37:40,54315312,5026527975,3414268,3,1747468615,1747557459,0,1557594080000,0,0,4242,0,1,1
2025-05-18 08:37:41,54315312,5026527975,3414268,3,1747468615,1747557459,0,1557774080000,0,0,4242,0,1,1
2025-05-18 08:37:43,54315312,5026527975,3414268,3,1747468615,1747557459,0,1557844080000,0,0,4242,0,1,1
2025-05-18 08:37:45,54315312,5026527975,3414268,3,1747468615,1747557459,0,1558044080000,0,0,4242,0,1,1
2025-05-18 08:37:46,54315312,5026527975,3414268,3,1747468615,1747557459,0,1558094080000,0,0,4242,0,1,1
2025-05-18 08:37:48,54315312,5026527975,3414268,3,1747468615,1747557459,0,1558134080000,0,0,4242,0,1,1
2025-05-18 08:37:49,56287607,5044317861,3414269,3,1747468615,1747557469,0,1558204080000,0,0,4242,0,1,1
2025-05-18 08:37:51,56287607,5044317861,3414269,3,1747468615,1747557469,0,1558294080000,0,0,4242,0,1,1
2025-05-18 08:37:53,56287607,5044317861,3414269,3,1747468615,1747557469,0,1558464080000,0,0,4242,0,1,1
2025-05-18 08:37:54,56287607,5044317861,3414269,3,1747468615,1747557469,0,1558624080000,0,0,4242,0,1,1
2025-05-18 08:37:56,56287607,5044317861,3414269,3,1747468615,1747557469,0,1558774080000,0,0,4242,0,1,1
2025-05-18 08:37:57,56287607,5044317861,3414269,3,1747468615,1747557469,0,1558904080000,0,0,4242,0,1,1
2025-05-18 08:37:59,56287607,5044317861,3414269,3,1747468615,1747557469,0,1559014080000,0,0,4242,0,1,1
2025-05-18 08:38:01,57571290,5044317861,3414269,3,1747468615,1747557479,0,1559074080000,0,0,4242,0,1,1
2025-05-18 08:38:02,57571290,5044317861,3414269,3,1747468615,1747557479,0,1559234080000,0,0,4242,0,1,1
2025-05-18 08:38:04,57571290,5044317861,3414269,3,1747468615,1747557479,0,1559324080000,0,0,4242,0,1,1
2025-05-18 08:38:05,57571290,5044317861,3414269,3,1747468615,1747557479,0,1559474080000,0,0,4242,0,1,1
2025-05-18 08:38:07,57571290,5044317861,3414269,3,1747468615,1747557479,0,1559624080000,0,0,4242,0,1,1
2025-05-18 08:38:09,57571290,5044317861,3414269,3,1747468615,1747557479,0,1559674080000,0,0,4242,0,1,1
2025-05-18 08:38:10,58202981,5044317861,3414269,3,1747468615,1747557489,0,1559714080000,0,0,4242,0,1,1
2025-05-18 08:38:12,58202981,5044317861,3414269,3,1747468615,1747557489,0,1559774080000,0,0,4242,0,1,1
2025-05-18 08:38:13,58202981,5044317861,3414269,3,1747468615,1747557489,0,1559814080000,0,0,4242,0,1,1
2025-05-18 08:38:15,58202981,5044317861,3414269,3,1747468615,1747557489,0,1559904080000,0,0,4242,0,1,1
2025-05-18 08:38:17,58202981,5044317861,3414269,3,1747468615,1747557489,0,1560014080000,0,0,4242,0,1,1
2025-05-18 08:38:18,58202981,5044317861,3414269,3,1747468615,1747557489,0,1560114080000,0,0,4242,0,1,1
2025-05-18 08:38:20,58047464,5044317861,3414269,3,1747468615,1747557499,0,1560174080000,0,0,4242,0,1,1
2025-05-18 08:38:22,58047464,5044317861,3414269,3,1747468615,1747557499,0,1560224080000,0,0,4242,0,1,1
2025-05-18 08:38:23,58047464,5044317861,3414269,3,1747468615,1747557499,0,1560294080000,0,0,4242,0,1,1
2025-05-18 08:38:25,58047464,5044317861,3414269,3,1747468615,1747557499,0,1560354080000,0,0,4242,0,1,1
2025-05-18 08:38:26,58047464,5044317861,3414269,3,1747468615,1747557499,0,1560424080000,0,0,4242,0,1,1
2025-05-18 08:38:28,58047464,5044317861,3414269,3,1747468615,1747557499,0,1560484080000,0,0,4242,0,1,1
2025-05-18 08:38:30,57430805,5044317861,3414269,3,1747468615,1747557509,0,1560584080000,0,0,4242,0,1,1
2025-05-18 08:38:31,57430805,5044317861,3414269,3,1747468615,1747557509,0,1560644080000,0,0,4242,0,1,1
2025-05-18 08:38:33,57430805,5044317861,3414269,3,1747468615,1747557509,0,1560704080000,0,0,4242,0,1,1
2025-05-18 08:38:35,57430805,5044317861,3414269,3,1747468615,1747557509,0,1560734080000,0,0,4242,0,1,1
2025-05-18 08:38:36,57430805,5044317861,3414269,3,1747468615,1747557509,0,1560784080000,0,0,4242,0,1,1
2025-05-18 08:38:38,57430805,5044317861,3414269,3,1747468615,1747557509,0,1560844080000,0,0,4242,0,1,1
2025-05-18 08:38:40,56792451,5044317861,3414269,3,1747468615,1747557519,0,1560904080000,0,0,4242,0,1,1
2025-05-18 08:38:41,56792451,5044317861,3414269,3,1747468615,1747557519,0,1560994080000,0,0,4242,0,1,1
2025-05-18 08:38:43,56792451,5044317861,3414269,3,1747468615,1747557519,0,1561054080000,0,0,4242,0,1,1
2025-05-18 08:38:45,56792451,5044317861,3414269,3,1747468615,1747557519,0,1561094080000,0,0,4242,0,1,1
2025-05-18 08:38:46,56792451,5044317861,3414269,3,1747468615,1747557519,0,1561124080000,0,0,4242,0,1,1
2025-05-18 08:38:48,56792451,5044317861,3414269,3,1747468615,1747557519,0,1561194080000,0,0,4242,0,1,1
2025-05-18 08:38:49,56071163,5044317861,3414269,3,1747468615,1747557529,0,1561234080000,0,0,4242,0,1,1
2025-05-18 08:38:51,56071163,5044317861,3414269,3,1747468615,1747557529,0,1561314080000,0,0,4242,0,1,1
2025-05-18 08:38:53,56071163,5044317861,3414269,3,1747468615,1747557529,0,1561344080000,0,0,4242,0,1,1
2025-05-18 08:38:54,56071163,5044317861,3414269,3,1747468615,1747557529,0,1561394080000,0,0,4242,0,1,1
2025-05-18 08:38:56,56071163,5044317861,3414269,3,1747468615,1747557529,0,1561454080000,0,0,4242,0,1,1
2025-05-18 08:38:57,56071163,5044317861,3414269,3,1747468615,1747557529,0,1561534080000,0,0,4242,0,1,1
2025-05-18 08:38:59,56071163,5044317861,3414269,3,1747468615,1747557529,0,1561594080000,0,0,4242,0,1,1
2025-05-18 08:39:01,55455519,5044317861,3414269,3,1747468615,1747557539,0,1561634080000,0,0,4242,0,1,1
2025-05-18 08:39:02,55455519,5044317861,3414269,3,1747468615,1747557539,0,1561664080000,0,0,4242,0,1,1
2025-05-18 08:39:04,55455519,5044317861,3414269,3,1747468615,1747557539,0,1561694080000,0,0,4242,0,1,1
2025-05-18 08:39:05,55455519,5044317861,3414269,3,1747468615,1747557539,0,1561804080000,0,0,4242,0,1,1
2025-05-18 08:39:07,55455519,5044317861,3414269,3,1747468615,1747557539,0,1561874080000,0,0,4242,0,1,1
2025-05-18 08:39:09,55455519,5044317861,3414269,3,1747468615,1747557539,0,1561914080000,0,0,4242,0,1,1
2025-05-18 08:39:10,55002720,5044317861,3414269,3,1747468615,1747557549,0,1561964080000,0,0,4242,0,1,1
2025-05-18 08:39:12,55002720,5044317861,3414269,3,1747468615,1747557549,0,1562024080000,0,0,4242,0,1,1
2025-05-18 08:39:13,55002720,5044317861,3414269,3,1747468615,1747557549,0,1562084080000,0,0,4242,0,1,1
2025-05-18 08:39:15,55002720,5044317861,3414269,3,1747468615,1747557549,0,1562144080000,0,0,4242,0,1,1
2025-05-18 08:39:17,55002720,5044317861,3414269,3,1747468615,1747557549,0,1562224080000,0,0,4242,0,1,1
2025-05-18 08:39:18,55002720,5044317861,3414269,3,1747468615,1747557549,0,1562254080000,0,0,4242,0,1,1
2025-05-18 08:39:20,54207580,5044317861,3414269,3,1747468615,1747557559,0,1562284080000,0,0,4242,0,1,1
2025-05-18 08:39:22,54207580,5044317861,3414269,3,1747468615,1747557559,0,1562384080000,0,0,4242,0,1,1
2025-05-18 08:39:23,54207580,5044317861,3414269,3,1747468615,1747557559,0,1562464080000,0,0,4242,0,1,1
2025-05-18 08:39:25,54207580,5044317861,3414269,3,1747468615,1747557559,0,1562514080000,0,0,4242,0,1,1
2025-05-18 08:39:26,54207580,5044317861,3414269,3,1747468615,1747557559,0,1562604080000,0,0,4242,0,1,1
2025-05-18 08:39:28,54207580,5044317861,3414269,3,1747468615,1747557559,0,1562674080000,0,0,4242,0,1,1
2025-05-18 08:39:30,54443125,5044317861,3414269,3,1747468615,1747557569,0,1562714080000,0,0,4242,0,1,1
2025-05-18 08:39:31,54443125,5044317861,3414269,3,1747468615,1747557569,0,1562754080000,0,0,4242,0,1,1
2025-05-18 08:39:33,54443125,5044317861,3414269,3,1747468615,1747557569,0,1562804080000,0,0,4242,0,1,1
2025-05-18 08:39:35,54443125,5044317861,3414269,3,1747468615,1747557569,0,1562854080000,0,0,4242,0,1,1
2025-05-18 08:39:36,54443125,5044317861,3414269,3,1747468615,1747557569,0,1562934080000,0,0,4242,0,1,1
2025-05-18 08:39:38,54443125,5044317861,3414269,3,1747468615,1747557569,0,1563034080000,0,0,4242,0,1,1
2025-05-18 08:39:39,53877569,5044317861,3414269,3,1747468615,1747557579,0,1563094080000,0,0,4242,0,1,1
2025-05-18 08:39:41,53877569,5044317861,3414269,3,1747468615,1747557579,0,1563154080000,0,0,4242,0,1,1
2025-05-18 08:39:43,53877569,5044317861,3414269,3,1747468615,1747557579,0,1563254080000,0,0,4242,0,1,1
2025-05-18 08:39:44,53877569,5044317861,3414269,3,1747468615,1747557579,0,1563344080000,0,0,4242,0,1,1
2025-05-18 08:39:46,53877569,5044317861,3414269,3,1747468615,1747557579,0,1563374080000,0,0,4242,0,1,1
2025-05-18 08:39:48,53877569,5044317861,3414269,3,1747468615,1747557579,0,1563454080000,0,0,4242,0,1,1
2025-05-18 08:39:49,53877569,5044317861,3414269,3,1747468615,1747557579,0,1563474080000,0,0,4242,0,1,1
2025-05-18 08:39:51,53748138,5044317861,3414269,3,1747468615,1747557589,0,1563534080000,0,0,4242,0,1,1
2025-05-18 08:39:53,53748138,5044317861,3414269,3,1747468615,1747557589,0,1563604080000,0,0,4242,0,1,1
2025-05-18 08:39:54,53748138,5044317861,3414269,3,1747468615,1747557589,0,1563684080000,0,0,4242,0,1,1
2025-05-18 08:39:56,53748138,5044317861,3414269,3,1747468615,1747557589,0,1563744080000,0,0,4242,0,1,1
2025-05-18 08:39:58,53748138,5044317861,3414269,3,1747468615,1747557589,0,1563814080000,0,0,4242,0,1,1
2025-05-18 08:40:00,53316085,5044317861,3414269,3,1747468615,1747557599,0,1563864080000,0,0,4242,0,1,1
2025-05-18 08:40:02,53316085,5044317861,3414269,3,1747468615,1747557599,0,1563924080000,0,0,4242,0,1,1
2025-05-18 08:40:03,53316085,5044317861,3414269,3,1747468615,1747557599,0,1563974080000,0,0,4242,0,1,1
2025-05-18 08:40:05,53316085,5044317861,3414269,3,1747468615,1747557599,0,1564034080000,0,0,4242,0,1,1
2025-05-18 08:40:07,53316085,5044317861,3414269,3,1747468615,1747557599,0,1564134080000,0,0,4242,0,1,1
2025-05-18 08:40:08,53316085,5044317861,3414269,3,1747468615,1747557599,0,1564174080000,0,0,4242,0,1,1
2025-05-18 08:40:10,52809671,5044317861,3414269,3,1747468615,1747557609,0,1564214080000,0,0,4242,0,1,1
2025-05-18 08:40:12,52809671,5044317861,3414269,3,1747468615,1747557609,0,1564304080000,0,0,4242,0,1,1
2025-05-18 08:40:13,52809671,5044317861,3414269,3,1747468615,1747557609,0,1564344080000,0,0,4242,0,1,1
2025-05-18 08:40:15,52809671,5044317861,3414269,3,1747468615,1747557609,0,1564374080000,0,0,4242,0,1,1
2025-05-18 08:40:16,52809671,5044317861,3414269,3,1747468615,1747557609,0,1564414080000,0,0,4242,0,1,1
2025-05-18 08:40:18,52809671,5044317861,3414269,3,1747468615,1747557609,0,1564504080000,0,0,4242,0,1,1
2025-05-18 08:40:20,38502151,5044317861,3414269,3,1747468615,1747557619,0,1564574080000,0,0,4242,0,1,1
2025-05-18 08:40:21,38502151,5044317861,3414269,3,1747468615,1747557619,0,1564604080000,0,0,4242,0,1,1
2025-05-18 08:40:23,38502151,5044317861,3414269,3,1747468615,1747557619,0,1564684080000,0,0,4242,0,1,1
2025-05-18 08:40:25,38502151,5044317861,3414269,3,1747468615,1747557619,0,1564784080000,0,0,4242,0,1,1
2025-05-18 08:40:26,38502151,5044317861,3414269,3,1747468615,1747557619,0,1564854080000,0,0,4242,0,1,1
2025-05-18 08:40:28,38502151,5044317861,3414269,3,1747468615,1747557619,0,1564924080000,0,0,4242,0,1,1
2025-05-18 08:40:30,40077196,5044317861,3414269,3,1747468615,1747557629,0,1564994080000,0,0,4242,0,1,1
2025-05-18 08:40:31,40077196,5044317861,3414269,3,1747468615,1747557629,0,1565054080000,0,0,4242,0,1,1
2025-05-18 08:40:33,40077196,5044317861,3414269,3,1747468615,1747557629,0,1565134080000,0,0,4242,0,1,1
2025-05-18 08:40:35,40077196,5044317861,3414269,3,1747468615,1747557629,0,1565174080000,0,0,4242,0,1,1
2025-05-18 08:40:36,40077196,5044317861,3414269,3,1747468615,1747557629,0,1565274080000,0,0,4242,0,1,1
2025-05-18 08:40:38,40077196,5044317861,3414269,3,1747468615,1747557629,0,1565324080000,0,0,4242,0,1,1
2025-05-18 08:40:39,28927343,5044317861,3414269,3,1747468615,1747557639,0,1565414080000,0,0,4242,0,1,1
2025-05-18 08:40:41,28927343,5044317861,3414269,3,1747468615,1747557639,0,1565464080000,0,0,4242,0,1,1
2025-05-18 08:40:43,28927343,5044317861,3414269,3,1747468615,1747557639,0,1565504080000,0,0,4242,0,1,1
2025-05-18 08:40:44,28927343,5044317861,3414269,3,1747468615,1747557639,0,1565544080000,0,0,4242,0,1,1
2025-05-18 08:40:46,28927343,5044317861,3414269,3,1747468615,1747557639,0,1565604080000,0,0,4242,0,1,1
2025-05-18 08:40:48,28927343,5044317861,3414269,3,1747468615,1747557639,0,1565714080000,0,0,4242,0,1,1
2025-05-18 08:40:49,29674603,5044317861,3414269,3,1747468615,1747557649,0,1565784080000,0,0,4242,0,1,1
2025-05-18 08:40:51,29674603,5044317861,3414269,3,1747468615,1747557649,0,1565814080000,0,0,4242,0,1,1
2025-05-18 08:40:53,29674603,5044317861,3414269,3,1747468615,1747557649,0,1565874080000,0,0,4242,0,1,1
2025-05-18 08:40:54,29674603,5044317861,3414269,3,1747468615,1747557649,0,1565964080000,0,0,4242,0,1,1
2025-05-18 08:40:56,29674603,5044317861,3414269,3,1747468615,1747557649,0,1566014080000,0,0,4242,0,1,1
2025-05-18 08:40:57,29674603,5044317861,3414269,3,1747468615,1747557649,0,1566084080000,0,0,4242,0,1,1
2025-05-18 08:40:59,29674603,5044317861,3414269,3,1747468615,1747557649,0,1566124080000,0,0,4242,0,1,1
2025-05-18 08:41:01,30314118,5044317861,3414269,3,1747468615,1747557659,0,1566244080000,0,0,4242,0,1,1
2025-05-18 08:41:02,30314118,5044317861,3414269,3,1747468615,1747557659,0,1566304080000,0,0,4242,0,1,1
2025-05-18 08:41:04,30314118,5044317861,3414269,3,1747468615,1747557659,0,1566364080000,0,0,4242,0,1,1
2025-05-18 08:41:06,30314118,5044317861,3414269,3,1747468615,1747557659,0,1566424080000,0,0,4242,0,1,1
2025-05-18 08:41:07,30314118,5044317861,3414269,3,1747468615,1747557659,0,1566464080000,0,0,4242,0,1,1
2025-05-18 08:41:09,30314118,5044317861,3414269,3,1747468615,1747557659,0,1566534080000,0,0,4242,0,1,1
2025-05-18 08:41:10,31012475,5044317861,3414269,3,1747468615,1747557669,0,1566604080000,0,0,4242,0,1,1
2025-05-18 08:41:12,31012475,5044317861,3414269,3,1747468615,1747557669,0,1566624080000,0,0,4242,0,1,1
2025-05-18 08:41:14,31012475,5044317861,3414269,3,1747468615,1747557669,0,1566694080000,0,0,4242,0,1,1
2025-05-18 08:41:15,31012475,5044317861,3414269,3,1747468615,1747557669,0,1566754080000,0,0,4242,0,1,1
2025-05-18 08:41:17,31012475,5044317861,3414269,3,1747468615,1747557669,0,1566784080000,0,0,4242,0,1,1
2025-05-18 08:41:19,31012475,5044317861,3414269,3,1747468615,1747557669,0,1566874080000,0,0,4242,0,1,1
2025-05-18 08:41:20,31428281,5044317861,3414269,3,1747468615,1747557679,0,1566894080000,0,0,4242,0,1,1
2025-05-18 08:41:22,31428281,5044317861,3414269,3,1747468615,1747557679,0,1566944080000,0,0,4242,0,1,1
2025-05-18 08:41:24,31428281,5044317861,3414269,3,1747468615,1747557679,0,1567004080000,0,0,4242,0,1,1
2025-05-18 08:41:25,31428281,5044317861,3414269,3,1747468615,1747557679,0,1567034080000,0,0,4242,0,1,1
2025-05-18 08:41:27,31428281,5044317861,3414269,3,1747468615,1747557679,0,1567124080000,0,0,4242,0,1,1
2025-05-18 08:41:29,31428281,5044317861,3414269,3,1747468615,1747557679,0,1567184080000,0,0,4242,0,1,1
2025-05-18 08:41:30,31499996,5044317861,3414269,3,1747468615,1747557689,0,1567284080000,0,0,4242,0,1,1
2025-05-18 08:41:32,31499996,5044317861,3414269,3,1747468615,1747557689,0,1567344080000,0,0,4242,0,1,1
2025-05-18 08:41:33,31499996,5044317861,3414269,3,1747468615,1747557689,0,1567394080000,0,0,4242,0,1,1
2025-05-18 08:41:35,31499996,5044317861,3414269,3,1747468615,1747557689,0,1567464080000,0,0,4242,0,1,1
2025-05-18 08:41:37,31499996,5044317861,3414269,3,1747468615,1747557689,0,1567484080000,0,0,4242,0,1,1
2025-05-18 08:41:38,31499996,5044317861,3414269,3,1747468615,1747557689,0,1567514080000,0,0,4242,0,1,1
2025-05-18 08:41:40,31699694,5044317861,3414269,3,1747468615,1747557699,0,1567554080000,0,0,4242,0,1,1
2025-05-18 08:41:42,31699694,5044317861,3414269,3,1747468615,1747557699,0,1567604080000,0,0,4242,0,1,1
2025-05-18 08:41:43,31699694,5044317861,3414269,3,1747468615,1747557699,0,1567634080000,0,0,4242,0,1,1
2025-05-18 08:41:45,31699694,5044317861,3414269,3,1747468615,1747557699,0,1567704080000,0,0,4242,0,1,1
2025-05-18 08:41:47,31699694,5044317861,3414269,3,1747468615,1747557699,0,1567744080000,0,0,4242,0,1,1
2025-05-18 08:41:49,31699694,5044317861,3414269,3,1747468615,1747557699,0,1567824080000,0,0,4242,0,1,1
2025-05-18 08:41:51,31225671,5044317861,3414269,3,1747468615,1747557709,0,1567884080000,0,0,4242,0,1,1
2025-05-18 08:41:53,31225671,5044317861,3414269,3,1747468615,1747557709,0,1567944080000,0,0,4242,0,1,1
2025-05-18 08:41:55,31225671,5044317861,3414269,3,1747468615,1747557709,0,1568024080000,0,0,4242,0,1,1
2025-05-18 08:41:56,31225671,5044317861,3414269,3,1747468615,1747557709,0,1568054080000,0,0,4242,0,1,1
2025-05-18 08:41:58,31225671,5044317861,3414269,3,1747468615,1747557709,0,1568094080000,0,0,4242,0,1,1
2025-05-18 08:42:00,31404737,5044317861,3414269,3,1747468615,1747557719,0,1568184080000,0,0,4242,0,1,1
2025-05-18 08:42:01,31404737,5044317861,3414269,3,1747468615,1747557719,0,1568264080000,0,0,4242,0,1,1
2025-05-18 08:42:03,31404737,5044317861,3414269,3,1747468615,1747557719,0,1568314080000,0,0,4242,0,1,1
2025-05-18 08:42:05,31404737,5044317861,3414269,3,1747468615,1747557719,0,1568374080000,0,0,4242,0,1,1
2025-05-18 08:42:06,31404737,5044317861,3414269,3,1747468615,1747557719,0,1568434080000,0,0,4242,0,1,1
2025-05-18 08:42:08,31404737,5044317861,3414269,3,1747468615,1747557719,0,1568494080000,0,0,4242,0,1,1
2025-05-18 08:42:10,32098120,5044317861,3414269,3,1747468615,1747557729,0,1568534080000,0,0,4242,0,1,1
2025-05-18 08:42:11,32098120,5044317861,3414269,3,1747468615,1747557729,0,1568594080000,0,0,4242,0,1,1
2025-05-18 08:42:13,32098120,5044317861,3414269,3,1747468615,1747557729,0,1568674080000,0,0,4242,0,1,1
2025-05-18 08:42:15,32098120,5044317861,3414269,3,1747468615,1747557729,0,1568764080000,0,0,4242,0,1,1
2025-05-18 08:42:16,32098120,5044317861,3414269,3,1747468615,1747557729,0,1568824080000,0,0,4242,0,1,1
2025-05-18 08:42:18,32098120,5044317861,3414269,3,1747468615,1747557729,0,1568874080000,0,0,4242,0,1,1
2025-05-18 08:42:19,32524480,5044317861,3414269,3,1747468615,1747557739,0,1568914080000,0,0,4242,0,1,1
2025-05-18 08:42:21,32524480,5044317861,3414269,3,1747468615,1747557739,0,1568994080000,0,0,4242,0,1,1
2025-05-18 08:42:23,32524480,5044317861,3414269,3,1747468615,1747557739,0,1569084080000,0,0,4242,0,1,1
2025-05-18 08:42:24,32524480,5044317861,3414269,3,1747468615,1747557739,0,1569144080000,0,0,4242,0,1,1
2025-05-18 08:42:26,32524480,5044317861,3414269,3,1747468615,1747557739,0,1569204080000,0,0,4242,0,1,1
2025-05-18 08:42:28,32524480,5044317861,3414269,3,1747468615,1747557739,0,1569284080000,0,0,4242,0,1,1
2025-05-18 08:42:29,33302842,5044317861,3414269,3,1747468615,1747557749,0,1569344080000,0,0,4242,0,1,1
2025-05-18 08:42:31,33302842,5044317861,3414269,3,1747468615,1747557749,0,1569414080000,0,0,4242,0,1,1
2025-05-18 08:42:33,33302842,5044317861,3414269,3,1747468615,1747557749,0,1569464080000,0,0,4242,0,1,1
2025-05-18 08:42:34,33302842,5044317861,3414269,3,1747468615,1747557749,0,1569514080000,0,0,4242,0,1,1
2025-05-18 08:42:36,33302842,5044317861,3414269,3,1747468615,1747557749,0,1569674080000,0,0,4242,0,1,1
2025-05-18 08:42:37,33302842,5044317861,3414269,3,1747468615,1747557749,0,1569734080000,0,0,4242,0,1,1
2025-05-18 08:42:39,34509229,5044317861,3414269,3,1747468615,1747557759,0,1569834080000,0,0,4242,0,1,1
2025-05-18 08:42:41,34509229,5044317861,3414269,3,1747468615,1747557759,0,1569904080000,0,0,4242,0,1,1
2025-05-18 08:42:44,34509229,5044317861,3414269,3,1747468615,1747557759,0,1569964080000,0,0,4242,0,1,1
2025-05-18 08:42:46,34509229,5044317861,3414269,3,1747468615,1747557759,0,1570004080000,0,0,4242,0,1,1
2025-05-18 08:42:47,34509229,5044317861,3414269,3,1747468615,1747557759,0,1570054080000,0,0,4242,0,1,1
2025-05-18 08:42:49,34509229,5044317861,3414269,3,1747468615,1747557759,0,1570114080000,0,0,4242,0,1,1
2025-05-18 08:42:51,34156464,5044317861,3414269,3,1747468615,1747557769,0,1570154080000,0,0,4242,0,1,1
2025-05-18 08:42:52,34156464,5044317861,3414269,3,1747468615,1747557769,0,1570244080000,0,0,4242,0,1,1
2025-05-18 08:42:54,34156464,5044317861,3414269,3,1747468615,1747557769,0,1570354080000,0,0,4242,0,1,1
2025-05-18 08:42:56,34156464,5044317861,3414269,3,1747468615,1747557769,0,1570404080000,0,0,4242,0,1,1
2025-05-18 08:42:58,34156464,5044317861,3414269,3,1747468615,1747557769,0,1570484080000,0,0,4242,0,1,1
2025-05-18 08:43:00,34553149,5044317861,3414269,3,1747468615,1747557779,0,1570504080000,0,0,4242,0,1,1
2025-05-18 08:43:02,34553149,5044317861,3414269,3,1747468615,1747557779,0,1570534080000,0,0,4242,0,1,1
2025-05-18 08:43:03,34553149,5044317861,3414269,3,1747468615,1747557779,0,1570624080000,0,0,4242,0,1,1
2025-05-18 08:43:05,34553149,5044317861,3414269,3,1747468615,1747557779,0,1570654080000,0,0,4242,0,1,1
2025-05-18 08:43:07,34553149,5044317861,3414269,3,1747468615,1747557779,0,1570694080000,0,0,4242,0,1,1
2025-05-18 08:43:08,34553149,5044317861,3414269,3,1747468615,1747557779,0,1570784080000,0,0,4242,0,1,1
2025-05-18 08:43:10,34222399,5044317861,3414269,3,1747468615,1747557789,0,1570864080000,0,0,4242,0,1,1
2025-05-18 08:43:12,34222399,5044317861,3414269,3,1747468615,1747557789,0,1570944080000,0,0,4242,0,1,1
2025-05-18 08:43:13,34222399,5044317861,3414269,3,1747468615,1747557789,0,1570984080000,0,0,4242,0,1,1
2025-05-18 08:43:15,34222399,5044317861,3414269,3,1747468615,1747557789,0,1571064080000,0,0,4242,0,1,1
2025-05-18 08:43:16,34222399,5044317861,3414269,3,1747468615,1747557789,0,1571154080000,0,0,4242,0,1,1
2025-05-18 08:43:18,34222399,5044317861,3414269,3,1747468615,1747557789,0,1571194080000,0,0,4242,0,1,1
2025-05-18 08:43:20,34965298,5044317861,3414269,3,1747468615,1747557799,0,1571224080000,0,0,4242,0,1,1
2025-05-18 08:43:21,34965298,5044317861,3414269,3,1747468615,1747557799,0,1571324080000,0,0,4242,0,1,1
2025-05-18 08:43:23,34965298,5044317861,3414269,3,1747468615,1747557799,0,1571354080000,0,0,4242,0,1,1
2025-05-18 08:43:25,34965298,5044317861,3414269,3,1747468615,1747557799,0,1571414080000,0,0,4242,0,1,1
2025-05-18 08:43:27,34965298,5044317861,3414269,3,1747468615,1747557799,0,1571464080000,0,0,4242,0,1,1
2025-05-18 08:43:28,34965298,5044317861,3414269,3,1747468615,1747557799,0,1571544080000,0,0,4242,0,1,1
2025-05-18 08:43:30,34899691,5017102826,3414270,3,1747468615,1747557809,0,1571604080000,0,0,4242,0,1,1
2025-05-18 08:43:32,34899691,5017102826,3414270,3,1747468615,1747557809,0,1571624080000,0,0,4242,0,1,1
2025-05-18 08:43:33,34899691,5017102826,3414270,3,1747468615,1747557809,0,1571674080000,0,0,4242,0,1,1
2025-05-18 08:43:36,34899691,5017102826,3414270,3,1747468615,1747557809,0,1571784080000,0,0,4242,0,1,1
2025-05-18 08:43:37,34899691,5017102826,3414270,3,1747468615,1747557809,0,1571854080000,0,0,4242,0,1,1
2025-05-18 08:43:39,34899691,5017102826,3414270,3,1747468615,1747557809,0,1571944080000,0,0,4242,0,1,1
2025-05-18 08:43:41,34996112,5017102826,3414270,3,1747468615,1747557819,0,1572024080000,0,0,4242,0,1,1
2025-05-18 08:43:42,34996112,5017102826,3414270,3,1747468615,1747557819,0,1572114080000,0,0,4242,0,1,1
2025-05-18 08:43:44,34996112,5017102826,3414270,3,1747468615,1747557819,0,1572164080000,0,0,4242,0,1,1
2025-05-18 08:43:46,34996112,5017102826,3414270,3,1747468615,1747557819,0,1572194080000,0,0,4242,0,1,1
2025-05-18 08:43:47,34996112,5017102826,3414270,3,1747468615,1747557819,0,1572264080000,0,0,4242,0,1,1
2025-05-18 08:43:49,34996112,5017102826,3414270,3,1747468615,1747557819,0,1572294080000,0,0,4242,0,1,1
2025-05-18 08:43:51,35133729,5017102826,3414270,3,1747468615,1747557829,0,1572324080000,0,0,4242,0,1,1
2025-05-18 08:43:52,35133729,5017102826,3414270,3,1747468615,1747557829,0,1572344080000,0,0,4242,0,1,1
2025-05-18 08:43:54,35133729,5017102826,3414270,3,1747468615,1747557829,0,1572344080000,0,0,4242,0,1,1
2025-05-18 08:43:56,35133729,5017102826,3414270,3,1747468615,1747557829,0,1572354080000,0,0,4242,0,1,1
2025-05-18 08:43:57,35133729,5017102826,3414270,3,1747468615,1747557829,0,1572354080000,0,0,4242,0,1,1
2025-05-18 08:43:59,35133729,5017102826,3414270,3,1747468615,1747557829,0,1572354080000,0,0,4242,0,1,1
2025-05-18 08:44:01,34704488,5017102826,3414270,3,1747468615,1747557839,0,1572354080000,0,0,4242,0,1,1
2025-05-18 08:44:02,34704488,5017102826,3414270,3,1747468615,1747557839,0,1572354080000,0,0,4242,0,1,1
2025-05-18 08:44:04,34704488,5017102826,3414270,3,1747468615,1747557839,0,1572354080000,0,0,4242,0,1,1
2025-05-18 08:44:06,34704488,5017102826,3414270,3,1747468615,1747557839,0,1572354080000,0,0,4242,0,1,1
2025-05-18 08:44:07,34704488,5017102826,3414270,3,1747468615,1747557839,0,1572354080000,0,0,4242,0,1,1
2025-05-18 08:44:09,34704488,5017102826,3414270,3,1747468615,1747557839,0,1572354080000,0,0,4242,0,1,1
2025-05-18 08:44:11,34704488,5017102826,3414270,3,1747468615,1747557849,0,1572354080000,0,0,4242,0,1,1
2025-05-18 08:44:12,34704488,5017102826,3414270,3,1747468615,1747557849,0,1572354080000,0,0,4242,0,1,1
2025-05-18 08:44:14,34704488,5017102826,3414270,3,1747468615,1747557849,0,1572354080000,0,0,4242,0,1,1
2025-05-18 08:44:16,34704488,5017102826,3414270,3,1747468615,1747557849,0,1572354080000,0,0,4242,0,1,1
2025-05-18 08:44:18,34704488,5017102826,3414270,3,1747468615,1747557849,0,1572354080000,0,0,4242,0,1,1
2025-05-18 08:44:19,34704488,5017102826,3414270,3,1747468615,1747557849,0,1572354080000,0,0,4242,0,1,1
2025-05-18 08:44:21,34704488,5017102826,3414270,3,1747468615,1747557859,0,1572354080000,0,0,4242,0,1,1
2025-05-18 08:44:23,34704488,5017102826,3414270,3,1747468615,1747557859,0,1572354080000,0,0,4242,0,1,1
2025-05-18 08:44:24,34704488,5017102826,3414270,3,1747468615,1747557859,0,1572354080000,0,0,4242,0,1,1
2025-05-18 08:44:26,34704488,5017102826,3414270,3,1747468615,1747557859,0,1572354080000,0,0,4242,0,1,1
2025-05-18 08:44:28,34704488,5017102826,3414270,3,1747468615,1747557859,0,1572354080000,0,0,4242,0,1,1
2025-05-18 08:44:30,34704488,5017102826,3414270,3,1747468615,1747557869,0,1572354080000,0,0,4242,0,1,1
2025-05-18 08:44:32,34704488,5017102826,3414270,3,1747468615,1747557869,0,1572354080000,0,0,4242,0,1,1
2025-05-18 08:44:34,34704488,5017102826,3414270,3,1747468615,1747557869,0,1572354080000,0,0,4242,0,1,1
2025-05-18 08:44:35,34704488,5017102826,3414270,3,1747468615,1747557869,0,1572354080000,0,0,4242,0,1,1
2025-05-18 08:44:37,34704488,5017102826,3414270,3,1747468615,1747557869,0,1572354080000,0,0,4242,0,1,1
2025-05-18 08:44:39,34704488,5017102826,3414270,3,1747468615,1747557869,0,1572354080000,0,0,4242,0,1,1
2025-05-18 08:44:40,34704488,5017102826,3414270,3,1747468615,1747557879,0,1572354080000,0,0,4242,0,1,1
2025-05-18 08:44:42,34704488,5017102826,3414270,3,1747468615,1747557879,0,1572354080000,0,0,4242,0,1,1
2025-05-18 08:44:44,34704488,5017102826,3414270,3,1747468615,1747557879,0,1572354080000,0,0,4242,0,1,1
2025-05-18 08:44:45,34704488,5017102826,3414270,3,1747468615,1747557879,0,1572354080000,0,0,4242,0,1,1
2025-05-18 08:44:47,34704488,5017102826,3414270,3,1747468615,1747557879,0,1572354080000,0,0,4242,0,1,1
2025-05-18 08:44:49,34704488,5017102826,3414270,3,1747468615,1747557879,0,1572354080000,0,0,4242,0,1,1
2025-05-18 08:44:51,34704488,5017102826,3414270,3,1747468615,1747557889,0,1572354080000,0,0,4242,0,1,1
2025-05-18 08:44:52,34704488,5017102826,3414270,3,1747468615,1747557889,0,1572354080000,0,0,4242,0,1,1
2025-05-18 08:44:54,34704488,5017102826,3414270,3,1747468615,1747557889,0,1572354080000,0,0,4242,0,1,1
2025-05-18 08:44:56,34704488,5017102826,3414270,3,1747468615,1747557889,0,1572354080000,0,0,4242,0,1,1
2025-05-18 08:44:57,34704488,5017102826,3414270,3,1747468615,1747557889,0,1572354080000,0,0,4242,0,1,1
2025-05-18 08:44:59,34704488,5017102826,3414270,3,1747468615,1747557889,0,1572354080000,0,0,4242,0,1,1
2025-05-18 08:45:01,34704488,5017102826,3414270,3,1747468615,1747557899,0,1572354080000,0,0,4242,0,1,1
2025-05-18 08:45:02,34704488,5017102826,3414270,3,1747468615,1747557899,0,1572354080000,0,0,4242,0,1,1
2025-05-18 08:45:04,34704488,5017102826,3414270,3,1747468615,1747557899,0,1572354080000,0,0,4242,0,1,1
2025-05-18 08:45:06,34704488,5017102826,3414270,3,1747468615,1747557899,0,1572354080000,0,0,4242,0,1,1
2025-05-18 08:45:07,34704488,5017102826,3414270,3,1747468615,1747557899,0,1572354080000,0,0,4242,0,1,1
2025-05-18 08:45:09,34704488,5017102826,3414270,3,1747468615,1747557899,0,1572354080000,0,0,4242,0,1,1
2025-05-18 08:45:11,34704488,5017102826,3414270,3,1747468615,1747557909,0,1572354080000,0,0,4242,0,1,1
2025-05-18 08:45:12,34704488,5017102826,3414270,3,1747468615,1747557909,0,1572354080000,0,0,4242,0,1,1
2025-05-18 08:45:14,34704488,5017102826,3414270,3,1747468615,1747557909,0,1572354080000,0,0,4242,0,1,1
2025-05-18 08:45:16,34704488,5017102826,3414270,3,1747468615,1747557909,0,1572354080000,0,0,4242,0,1,1
2025-05-18 08:45:17,34704488,5017102826,3414270,3,1747468615,1747557909,0,1572354080000,0,0,4242,0,1,1
2025-05-18 08:45:19,34704488,5017102826,3414270,3,1747468615,1747557909,0,1572354080000,0,0,4242,0,1,1
2025-05-18 08:45:21,34704488,5017102826,3414270,3,1747468615,1747557919,0,1572354080000,0,0,4242,0,1,1
2025-05-18 08:45:22,34704488,5017102826,3414270,3,1747468615,1747557919,0,1572354080000,0,0,4242,0,1,1
2025-05-18 08:45:24,34704488,5017102826,3414270,3,1747468615,1747557919,0,1572364080000,0,0,4242,0,1,1
2025-05-18 08:45:26,34704488,5017102826,3414270,3,1747468615,1747557919,0,1572364080000,0,0,4242,0,1,1
2025-05-18 08:45:27,34704488,5017102826,3414270,3,1747468615,1747557919,0,1572374080000,0,0,4242,0,1,1
2025-05-18 08:45:29,34704488,5017102826,3414270,3,1747468615,1747557919,0,1572374080000,0,0,4242,0,1,1
2025-05-18 08:45:31,30949312,5017102826,3414270,3,1747468615,1747557929,0,1572374080000,0,0,4242,0,1,1
2025-05-18 08:45:33,30949312,5017102826,3414270,3,1747468615,1747557929,0,1572384080000,0,0,4242,0,1,1
2025-05-18 08:45:35,30949312,5017102826,3414270,3,1747468615,1747557929,0,1572384080000,0,0,4242,0,1,1
2025-05-18 08:45:37,30949312,5017102826,3414270,3,1747468615,1747557929,0,1572384080000,0,0,4242,0,1,1
2025-05-18 08:45:39,30724603,5017102826,3414270,3,1747468615,1747557939,0,1572384080000,0,0,4242,0,1,1
2025-05-18 08:45:41,30724603,5017102826,3414270,3,1747468615,1747557939,0,1572384080000,0,0,4242,0,1,1
2025-05-18 08:45:43,30724603,5017102826,3414270,3,1747468615,1747557939,0,1572384080000,0,0,4242,0,1,1
2025-05-18 08:45:45,30724603,5017102826,3414270,3,1747468615,1747557939,0,1572384080000,0,0,4242,0,1,1
2025-05-18 08:45:47,30724603,5017102826,3414270,3,1747468615,1747557939,0,1572384080000,0,0,4242,0,1,1
2025-05-18 08:45:49,30724603,5017102826,3414270,3,1747468615,1747557939,0,1572384080000,0,0,4242,0,1,1
2025-05-18 08:45:51,30724603,5017102826,3414270,3,1747468615,1747557949,0,1572384080000,0,0,4242,0,1,1
2025-05-18 08:45:52,30724603,5017102826,3414270,3,1747468615,1747557949,0,1572384080000,0,0,4242,0,1,1
2025-05-18 08:45:54,30724603,5017102826,3414270,3,1747468615,1747557949,0,1572384080000,0,0,4242,0,1,1
2025-05-18 08:45:56,30724603,5017102826,3414270,3,1747468615,1747557949,0,1572384080000,0,0,4242,0,1,1
2025-05-18 08:45:57,30724603,5017102826,3414270,3,1747468615,1747557949,0,1572384080000,0,0,4242,0,1,1
2025-05-18 08:45:59,30724603,5017102826,3414270,3,1747468615,1747557959,0,1572384080000,0,0,4242,0,1,1
2025-05-18 08:46:01,30724603,5017102826,3414270,3,1747468615,1747557959,0,1572384080000,0,0,4242,0,1,1
2025-05-18 08:46:03,30724603,5017102826,3414270,3,1747468615,1747557959,0,1572384080000,0,0,4242,0,1,1
2025-05-18 08:46:05,30724603,5017102826,3414270,3,1747468615,1747557959,0,1572384080000,0,0,4242,0,1,1
2025-05-18 08:46:06,30724603,5017102826,3414270,3,1747468615,1747557959,0,1572384080000,0,0,4242,0,1,1
2025-05-18 08:46:08,30724603,5017102826,3414270,3,1747468615,1747557959,0,1572384080000,0,0,4242,0,1,1
2025-05-18 08:46:10,30724603,5017102826,3414270,3,1747468615,1747557969,0,1572384080000,0,0,4242,0,1,1
2025-05-18 08:46:11,30724603,5017102826,3414270,3,1747468615,1747557969,0,1572384080000,0,0,4242,0,1,1
2025-05-18 08:46:13,30724603,5017102826,3414270,3,1747468615,1747557969,0,1572384080000,0,0,4242,0,1,1
2025-05-18 08:46:15,30724603,5017102826,3414270,3,1747468615,1747557969,0,1572384080000,0,0,4242,0,1,1
2025-05-18 08:46:17,30724603,5017102826,3414270,3,1747468615,1747557969,0,1572384080000,0,0,4242,0,1,1
2025-05-18 08:46:18,30724603,5017102826,3414270,3,1747468615,1747557969,0,1572384080000,0,0,4242,0,1,1
2025-05-18 08:46:20,30724603,5017102826,3414270,3,1747468615,1747557979,0,1572384080000,0,0,4242,0,1,1
2025-05-18 08:46:22,30724603,5017102826,3414270,3,1747468615,1747557979,0,1572384080000,0,0,4242,0,1,1
2025-05-18 08:46:23,30724603,5017102826,3414270,3,1747468615,1747557979,0,1572384080000,0,0,4242,0,1,1
2025-05-18 08:46:25,30724603,5017102826,3414270,3,1747468615,1747557979,0,1572384080000,0,0,4242,0,1,1
2025-05-18 08:46:27,30724603,5017102826,3414270,3,1747468615,1747557979,0,1572384080000,0,0,4242,0,1,1
2025-05-18 08:46:29,30724603,5017102826,3414270,3,1747468615,1747557979,0,1572384080000,0,0,4242,0,1,1
2025-05-18 08:46:31,6274118,5017102826,3414270,3,1747468615,1747557989,0,1572384080000,0,0,4242,0,1,1
2025-05-18 08:46:33,6274118,5017102826,3414270,3,1747468615,1747557989,0,1572384080000,0,0,4242,0,1,1
2025-05-18 08:46:34,6274118,5017102826,3414270,3,1747468615,1747557989,0,1572384080000,0,0,4242,0,1,1
2025-05-18 08:46:36,6274118,5017102826,3414270,3,1747468615,1747557989,0,1572384080000,0,0,4242,0,1,1
2025-05-18 08:46:38,6274118,5017102826,3414270,3,1747468615,1747557989,0,1572384080000,0,0,4242,0,1,1
2025-05-18 08:46:39,6274118,5017102826,3414270,3,1747468615,1747557989,0,1572384080000,0,0,4242,0,1,1
2025-05-18 08:46:41,6274118,5017102826,3414270,3,1747468615,1747557999,0,1572384080000,0,0,4242,0,1,1
2025-05-18 08:46:43,6274118,5017102826,3414270,3,1747468615,1747557999,0,1572384080000,0,0,4242,0,1,1
2025-05-18 08:46:44,6274118,5017102826,3414270,3,1747468615,1747557999,0,1572384080000,0,0,4242,0,1,1
2025-05-18 08:46:46,6274118,5017102826,3414270,3,1747468615,1747557999,0,1572384080000,0,0,4242,0,1,1
2025-05-18 08:46:48,6274118,5017102826,3414270,3,1747468615,1747557999,0,1572384080000,0,0,4242,0,1,1
2025-05-18 08:46:49,6274118,5017102826,3414270,3,1747468615,1747557999,0,1572384080000,0,0,4242,0,1,1
2025-05-18 08:46:51,6274118,5017102826,3414270,3,1747468615,1747558009,0,1572384080000,0,0,4242,0,1,1
2025-05-18 08:46:53,6274118,5017102826,3414270,3,1747468615,1747558009,0,1572384080000,0,0,4242,0,1,1
2025-05-18 08:46:54,6274118,5017102826,3414270,3,1747468615,1747558009,0,1572384080000,0,0,4242,0,1,1
2025-05-18 08:46:56,6274118,5017102826,3414270,3,1747468615,1747558009,0,1572384080000,0,0,4242,0,1,1
2025-05-18 08:46:58,6274118,5017102826,3414270,3,1747468615,1747558009,0,1572384080000,0,0,4242,0,1,1
2025-05-18 08:46:59,6274118,5017102826,3414270,3,1747468615,1747558019,0,1572384080000,0,0,4242,0,1,1
2025-05-18 08:47:01,6274118,5017102826,3414270,3,1747468615,1747558019,0,1572384080000,0,0,4242,0,1,1
2025-05-18 08:47:03,6274118,5017102826,3414270,3,1747468615,1747558019,0,1572384080000,0,0,4242,0,1,1
2025-05-18 08:47:05,6274118,5017102826,3414270,3,1747468615,1747558019,0,1572384080000,0,0,4242,0,1,1
2025-05-18 08:47:06,6274118,5017102826,3414270,3,1747468615,1747558019,0,1572384080000,0,0,4242,0,1,1
2025-05-18 08:47:08,6274118,5017102826,3414270,3,1747468615,1747558019,0,1572384080000,0,0,4242,0,1,1
2025-05-18 08:47:10,6274118,5017102826,3414270,3,1747468615,1747558029,0,1572384080000,0,0,4242,0,1,1
2025-05-18 08:47:11,6274118,5017102826,3414270,3,1747468615,1747558029,0,1572384080000,0,0,4242,0,1,1
2025-05-18 08:47:13,6274118,5017102826,3414270,3,1747468615,1747558029,0,1572384080000,0,0,4242,0,1,1
2025-05-18 08:47:15,6274118,5017102826,3414270,3,1747468615,1747558029,0,1572384080000,0,0,4242,0,1,1
2025-05-18 08:47:16,6274118,5017102826,3414270,3,1747468615,1747558029,0,1572384080000,0,0,4242,0,1,1
2025-05-18 08:47:18,6274118,5017102826,3414270,3,1747468615,1747558029,0,1572384080000,0,0,4242,0,1,1
2025-05-18 08:47:20,6274118,5017102826,3414270,3,1747468615,1747558039,0,1572384080000,0,0,4242,0,1,1
2025-05-18 08:47:21,6274118,5017102826,3414270,3,1747468615,1747558039,0,1572384080000,0,0,4242,0,1,1
2025-05-18 08:47:23,6274118,5017102826,3414270,3,1747468615,1747558039,0,1572384080000,0,0,4242,0,1,1
2025-05-18 08:47:25,6274118,5017102826,3414270,3,1747468615,1747558039,0,1572394080000,0,0,4242,0,1,1
2025-05-18 08:47:27,6274118,5017102826,3414270,3,1747468615,1747558039,0,1572394080000,0,0,4242,0,1,1
2025-05-18 08:47:29,6274118,5017102826,3414270,3,1747468615,1747558039,0,1572394080000,0,0,4242,0,1,1
2025-05-18 08:47:31,3955052,5017102826,3414270,3,1747468615,1747558049,0,1572394080000,0,0,4242,0,1,1
2025-05-18 08:47:33,3955052,5017102826,3414270,3,1747468615,1747558049,0,1572394080000,0,0,4242,0,1,1
2025-05-18 08:47:35,3955052,5017102826,3414270,3,1747468615,1747558049,0,1572394080000,0,0,4242,0,1,1
2025-05-18 08:47:37,3955052,5017102826,3414270,3,1747468615,1747558049,0,1572394080000,0,0,4242,0,1,1
2025-05-18 08:47:39,3955052,5017102826,3414270,3,1747468615,1747558049,0,1572394080000,0,0,4242,0,1,1
2025-05-18 08:47:41,3955052,5017102826,3414270,3,1747468615,1747558059,0,1572394080000,0,0,4242,0,1,1
2025-05-18 08:47:42,3955052,5017102826,3414270,3,1747468615,1747558059,0,1572394080000,0,0,4242,0,1,1
2025-05-18 08:47:44,3955052,5017102826,3414270,3,1747468615,1747558059,0,1572394080000,0,0,4242,0,1,1
2025-05-18 08:47:46,3955052,5017102826,3414270,3,1747468615,1747558059,0,1572394080000,0,0,4242,0,1,1
2025-05-18 08:47:48,3955052,5017102826,3414270,3,1747468615,1747558059,0,1572394080000,0,0,4242,0,1,1
2025-05-18 08:47:49,3955052,5017102826,3414270,3,1747468615,1747558059,0,1572394080000,0,0,4242,0,1,1
2025-05-18 08:47:51,3955052,5017102826,3414270,3,1747468615,1747558069,0,1572394080000,0,0,4242,0,1,1
2025-05-18 08:47:53,3955052,5017102826,3414270,3,1747468615,1747558069,0,1572394080000,0,0,4242,0,1,1
2025-05-18 08:47:54,3955052,5017102826,3414270,3,1747468615,1747558069,0,1572394080000,0,0,4242,0,1,1
2025-05-18 08:47:56,3955052,5017102826,3414270,3,1747468615,1747558069,0,1572394080000,0,0,4242,0,1,1
2025-05-18 08:47:58,3955052,5017102826,3414270,3,1747468615,1747558069,0,1572394080000,0,0,4242,0,1,1
2025-05-18 08:47:59,3955052,5017102826,3414270,3,1747468615,1747558069,0,1572394080000,0,0,4242,0,1,1
2025-05-18 08:48:01,3955052,5017102826,3414270,3,1747468615,1747558079,0,1572394080000,0,0,4242,0,1,1
2025-05-18 08:48:03,3955052,5017102826,3414270,3,1747468615,1747558079,0,1572394080000,0,0,4242,0,1,1
2025-05-18 08:48:05,3955052,5017102826,3414270,3,1747468615,1747558079,0,1572394080000,0,0,4242,0,1,1
2025-05-18 08:48:06,3955052,5017102826,3414270,3,1747468615,1747558079,0,1572394080000,0,0,4242,0,1,1
2025-05-18 08:48:08,3955052,5017102826,3414270,3,1747468615,1747558079,0,1572394080000,0,0,4242,0,1,1
2025-05-18 08:48:10,3955052,5017102826,3414270,3,1747468615,1747558089,0,1572394080000,0,0,4242,0,1,1
2025-05-18 08:48:11,3955052,5017102826,3414270,3,1747468615,1747558089,0,1572394080000,0,0,4242,0,1,1
2025-05-18 08:48:13,3955052,5017102826,3414270,3,1747468615,1747558089,0,1572394080000,0,0,4242,0,1,1
2025-05-18 08:48:15,3955052,5017102826,3414270,3,1747468615,1747558089,0,1572394080000,0,0,4242,0,1,1
2025-05-18 08:48:16,3955052,5017102826,3414270,3,1747468615,1747558089,0,1572394080000,0,0,4242,0,1,1
2025-05-18 08:48:18,3955052,5017102826,3414270,3,1747468615,1747558089,0,1572394080000,0,0,4242,0,1,1
2025-05-18 08:48:20,3955052,5017102826,3414270,3,1747468615,1747558099,0,1572394080000,0,0,4242,0,1,1
2025-05-18 08:48:21,3955052,5017102826,3414270,3,1747468615,1747558099,0,1572394080000,0,0,4242,0,1,1
2025-05-18 08:48:23,3955052,5017102826,3414270,3,1747468615,1747558099,0,1572394080000,0,0,4242,0,1,1
2025-05-18 08:48:25,3955052,5017102826,3414270,3,1747468615,1747558099,0,1572394080000,0,0,4242,0,1,1
2025-05-18 08:48:27,3955052,5017102826,3414270,3,1747468615,1747558099,0,1572394080000,0,0,4242,0,1,1
2025-05-18 08:48:29,3955052,5017102826,3414270,3,1747468615,1747558099,0,1572394080000,0,0,4242,0,1,1
2025-05-18 08:48:31,3955052,5017102826,3414270,3,1747468615,1747558109,0,1572394080000,0,0,4242,0,1,1
2025-05-18 08:48:33,3955052,5017102826,3414270,3,1747468615,1747558109,0,1572404080000,0,0,4242,0,1,1
2025-05-18 08:48:35,3955052,5017102826,3414270,3,1747468615,1747558109,0,1572404080000,0,0,4242,0,1,1
2025-05-18 08:48:36,3955052,5017102826,3414270,3,1747468615,1747558109,0,1572404080000,0,0,4242,0,1,1
2025-05-18 08:48:38,3955052,5017102826,3414270,3,1747468615,1747558109,0,1572404080000,0,0,4242,0,1,1
2025-05-18 08:48:40,3955052,5017102826,3414270,3,1747468615,1747558119,0,1572404080000,0,0,4242,0,1,1
2025-05-18 08:48:41,3955052,5017102826,3414270,3,1747468615,1747558119,0,1572404080000,0,0,4242,0,1,1
2025-05-18 08:48:43,3955052,5017102826,3414270,3,1747468615,1747558119,0,1572404080000,0,0,4242,0,1,1
2025-05-18 08:48:45,3955052,5017102826,3414270,3,1747468615,1747558119,0,1572404080000,0,0,4242,0,1,1
2025-05-18 08:48:47,3955052,5017102826,3414270,3,1747468615,1747558119,0,1572404080000,0,0,4242,0,1,1
2025-05-18 08:48:49,3955052,5017102826,3414270,3,1747468615,1747558119,0,1572404080000,0,0,4242,0,1,1
2025-05-18 08:48:50,3955052,5017102826,3414270,3,1747468615,1747558129,0,1572404080000,0,0,4242,0,1,1
2025-05-18 08:48:52,3955052,5017102826,3414270,3,1747468615,1747558129,0,1572404080000,0,0,4242,0,1,1
2025-05-18 08:48:54,3955052,5017102826,3414270,3,1747468615,1747558129,0,1572404080000,0,0,4242,0,1,1
2025-05-18 08:48:55,3955052,5017102826,3414270,3,1747468615,1747558129,0,1572404080000,0,0,4242,0,1,1
2025-05-18 08:48:57,3955052,5017102826,3414270,3,1747468615,1747558129,0,1572404080000,0,0,4242,0,1,1
2025-05-18 08:48:59,3955052,5017102826,3414270,3,1747468615,1747558129,0,1572404080000,0,0,4242,0,1,1
